Date,Source,Currency,ExchangeRate
1-Jan-23,USD,GBP,0.826446
2-Jan-23,USD,GBP,0.82904
3-Jan-23,USD,GBP,0.835515
4-Jan-23,USD,GBP,0.82931
5-Jan-23,USD,GBP,0.839571
6-Jan-23,USD,GBP,0.826925
7-Jan-23,USD,GBP,0.826925
8-Jan-23,USD,GBP,0.825395
9-Jan-23,USD,GBP,0.82058
10-Jan-23,USD,GBP,0.822785
11-Jan-23,USD,GBP,0.822501
12-Jan-23,USD,GBP,0.818475
13-Jan-23,USD,GBP,0.817595
14-Jan-23,USD,GBP,0.817595
15-Jan-23,USD,GBP,0.817955
16-Jan-23,USD,GBP,0.819215
17-Jan-23,USD,GBP,0.814205
18-Jan-23,USD,GBP,0.80975
19-Jan-23,USD,GBP,0.80685
20-Jan-23,USD,GBP,0.807168
21-Jan-23,USD,GBP,0.807168
22-Jan-23,USD,GBP,0.8061
23-Jan-23,USD,GBP,0.807715
24-Jan-23,USD,GBP,0.811125
25-Jan-23,USD,GBP,0.80569
26-Jan-23,USD,GBP,0.805502
27-Jan-23,USD,GBP,0.807689
28-Jan-23,USD,GBP,0.807689
29-Jan-23,USD,GBP,0.806494
30-Jan-23,USD,GBP,0.809755
31-Jan-23,USD,GBP,0.81237
1-Feb-23,USD,GBP,0.807325
2-Feb-23,USD,GBP,0.818197
3-Feb-23,USD,GBP,0.830013
4-Feb-23,USD,GBP,0.829566
5-Feb-23,USD,GBP,0.830275
6-Feb-23,USD,GBP,0.83154
7-Feb-23,USD,GBP,0.82963
8-Feb-23,USD,GBP,0.828445
9-Feb-23,USD,GBP,0.82535
10-Feb-23,USD,GBP,0.829119
11-Feb-23,USD,GBP,0.828912
12-Feb-23,USD,GBP,0.829699
13-Feb-23,USD,GBP,0.822945
14-Feb-23,USD,GBP,0.821475
15-Feb-23,USD,GBP,0.83069
16-Feb-23,USD,GBP,0.835075
17-Feb-23,USD,GBP,0.83022
18-Feb-23,USD,GBP,0.830289
19-Feb-23,USD,GBP,0.83126
20-Feb-23,USD,GBP,0.830695
21-Feb-23,USD,GBP,0.82585
22-Feb-23,USD,GBP,0.83006
23-Feb-23,USD,GBP,0.83216
24-Feb-23,USD,GBP,0.83717
25-Feb-23,USD,GBP,0.837065
26-Feb-23,USD,GBP,0.836725
27-Feb-23,USD,GBP,0.829125
28-Feb-23,USD,GBP,0.831075
1-Mar-23,USD,GBP,0.831485
2-Mar-23,USD,GBP,0.836775
3-Mar-23,USD,GBP,0.83091
4-Mar-23,USD,GBP,0.83091
5-Mar-23,USD,GBP,0.831285
6-Mar-23,USD,GBP,0.83147
7-Mar-23,USD,GBP,0.84548
8-Mar-23,USD,GBP,0.843925
9-Mar-23,USD,GBP,0.838815
10-Mar-23,USD,GBP,0.830979
11-Mar-23,USD,GBP,0.830979
12-Mar-23,USD,GBP,0.827965
13-Mar-23,USD,GBP,0.82165
14-Mar-23,USD,GBP,0.82297
15-Mar-23,USD,GBP,0.828615
16-Mar-23,USD,GBP,0.82578
17-Mar-23,USD,GBP,0.820883
18-Mar-23,USD,GBP,0.821187
19-Mar-23,USD,GBP,0.820569
20-Mar-23,USD,GBP,0.814765
21-Mar-23,USD,GBP,0.818045
22-Mar-23,USD,GBP,0.814399
23-Mar-23,USD,GBP,0.814239
24-Mar-23,USD,GBP,0.817862
25-Mar-23,USD,GBP,0.817862
26-Mar-23,USD,GBP,0.81676
27-Mar-23,USD,GBP,0.813215
28-Mar-23,USD,GBP,0.81112
29-Mar-23,USD,GBP,0.81225
30-Mar-23,USD,GBP,0.807305
31-Mar-23,USD,GBP,0.81011
1-Apr-23,USD,GBP,0.810045
2-Apr-23,USD,GBP,0.813715
3-Apr-23,USD,GBP,0.80499
4-Apr-23,USD,GBP,0.80015
5-Apr-23,USD,GBP,0.8024
6-Apr-23,USD,GBP,0.804005
7-Apr-23,USD,GBP,0.805283
8-Apr-23,USD,GBP,0.805088
9-Apr-23,USD,GBP,0.80451
10-Apr-23,USD,GBP,0.80703
11-Apr-23,USD,GBP,0.80448
12-Apr-23,USD,GBP,0.80049
13-Apr-23,USD,GBP,0.79845
14-Apr-23,USD,GBP,0.804904
15-Apr-23,USD,GBP,0.804959
16-Apr-23,USD,GBP,0.80648
17-Apr-23,USD,GBP,0.808085
18-Apr-23,USD,GBP,0.80475
19-Apr-23,USD,GBP,0.80461
20-Apr-23,USD,GBP,0.803729
21-Apr-23,USD,GBP,0.80415
22-Apr-23,USD,GBP,0.804182
23-Apr-23,USD,GBP,0.80335
24-Apr-23,USD,GBP,0.800064
25-Apr-23,USD,GBP,0.805485
26-Apr-23,USD,GBP,0.80189
27-Apr-23,USD,GBP,0.800181
28-Apr-23,USD,GBP,0.795608
29-Apr-23,USD,GBP,0.79526
30-Apr-23,USD,GBP,0.796365
1-May-23,USD,GBP,0.80105
2-May-23,USD,GBP,0.80155
3-May-23,USD,GBP,0.79564
4-May-23,USD,GBP,0.79473
5-May-23,USD,GBP,0.791202
6-May-23,USD,GBP,0.791202
7-May-23,USD,GBP,0.79176
8-May-23,USD,GBP,0.79288
9-May-23,USD,GBP,0.79213
10-May-23,USD,GBP,0.792016
11-May-23,USD,GBP,0.79951
12-May-23,USD,GBP,0.803084
13-May-23,USD,GBP,0.8026
14-May-23,USD,GBP,0.80318
15-May-23,USD,GBP,0.79842
16-May-23,USD,GBP,0.80105
17-May-23,USD,GBP,0.801131
18-May-23,USD,GBP,0.805689
19-May-23,USD,GBP,0.803277
20-May-23,USD,GBP,0.803439
21-May-23,USD,GBP,0.80253
22-May-23,USD,GBP,0.80425
23-May-23,USD,GBP,0.80536
24-May-23,USD,GBP,0.80837
25-May-23,USD,GBP,0.81183
26-May-23,USD,GBP,0.809913
27-May-23,USD,GBP,0.809979
28-May-23,USD,GBP,0.80995
29-May-23,USD,GBP,0.809796
30-May-23,USD,GBP,0.805715
31-May-23,USD,GBP,0.80345
1-Jun-23,USD,GBP,0.798375
2-Jun-23,USD,GBP,0.803084
3-Jun-23,USD,GBP,0.803181
4-Jun-23,USD,GBP,0.80453
5-Jun-23,USD,GBP,0.80434
6-Jun-23,USD,GBP,0.80463
7-Jun-23,USD,GBP,0.80361
8-Jun-23,USD,GBP,0.79624
9-Jun-23,USD,GBP,0.795171
10-Jun-23,USD,GBP,0.795513
11-Jun-23,USD,GBP,0.794885
12-Jun-23,USD,GBP,0.79905
13-Jun-23,USD,GBP,0.79325
14-Jun-23,USD,GBP,0.789245
15-Jun-23,USD,GBP,0.782155
16-Jun-23,USD,GBP,0.779788
17-Jun-23,USD,GBP,0.779788
18-Jun-23,USD,GBP,0.77945
19-Jun-23,USD,GBP,0.7816
20-Jun-23,USD,GBP,0.783401
21-Jun-23,USD,GBP,0.782991
22-Jun-23,USD,GBP,0.78452
23-Jun-23,USD,GBP,0.786535
24-Jun-23,USD,GBP,0.786535
25-Jun-23,USD,GBP,0.785602
26-Jun-23,USD,GBP,0.78669
27-Jun-23,USD,GBP,0.78467
28-Jun-23,USD,GBP,0.79101
29-Jun-23,USD,GBP,0.792765
30-Jun-23,USD,GBP,0.788626
1-Jul-23,USD,GBP,0.786999
2-Jul-23,USD,GBP,0.78785
3-Jul-23,USD,GBP,0.78787
4-Jul-23,USD,GBP,0.78634
5-Jul-23,USD,GBP,0.787149
6-Jul-23,USD,GBP,0.78479
7-Jul-23,USD,GBP,0.778818
8-Jul-23,USD,GBP,0.778907
9-Jul-23,USD,GBP,0.778905
10-Jul-23,USD,GBP,0.777345
11-Jul-23,USD,GBP,0.77314
12-Jul-23,USD,GBP,0.769475
13-Jul-23,USD,GBP,0.76174
14-Jul-23,USD,GBP,0.763825
15-Jul-23,USD,GBP,0.763884
16-Jul-23,USD,GBP,0.76396
17-Jul-23,USD,GBP,0.765035
18-Jul-23,USD,GBP,0.767195
19-Jul-23,USD,GBP,0.772935
20-Jul-23,USD,GBP,0.77688
21-Jul-23,USD,GBP,0.777968
22-Jul-23,USD,GBP,0.777847
23-Jul-23,USD,GBP,0.77805
24-Jul-23,USD,GBP,0.780505
25-Jul-23,USD,GBP,0.77558
26-Jul-23,USD,GBP,0.77358
27-Jul-23,USD,GBP,0.781655
28-Jul-23,USD,GBP,0.77875
29-Jul-23,USD,GBP,0.778452
30-Jul-23,USD,GBP,0.77796
31-Jul-23,USD,GBP,0.779202
1-Aug-23,USD,GBP,0.78154
2-Aug-23,USD,GBP,0.78616
3-Aug-23,USD,GBP,0.78641
4-Aug-23,USD,GBP,0.78405
5-Aug-23,USD,GBP,0.784437
6-Aug-23,USD,GBP,0.78446
7-Aug-23,USD,GBP,0.78237
8-Aug-23,USD,GBP,0.78485
9-Aug-23,USD,GBP,0.78619
10-Aug-23,USD,GBP,0.789295
11-Aug-23,USD,GBP,0.787774
12-Aug-23,USD,GBP,0.787774
13-Aug-23,USD,GBP,0.78773
14-Aug-23,USD,GBP,0.78834
15-Aug-23,USD,GBP,0.787345
16-Aug-23,USD,GBP,0.785695
17-Aug-23,USD,GBP,0.78435
18-Aug-23,USD,GBP,0.785299
19-Aug-23,USD,GBP,0.785299
20-Aug-23,USD,GBP,0.78484
21-Aug-23,USD,GBP,0.783675
22-Aug-23,USD,GBP,0.78547
23-Aug-23,USD,GBP,0.78616
24-Aug-23,USD,GBP,0.794125
25-Aug-23,USD,GBP,0.794849
26-Aug-23,USD,GBP,0.794849
27-Aug-23,USD,GBP,0.794335
28-Aug-23,USD,GBP,0.79298
29-Aug-23,USD,GBP,0.79137
30-Aug-23,USD,GBP,0.786717
31-Aug-23,USD,GBP,0.789115
1-Sep-23,USD,GBP,0.794344
2-Sep-23,USD,GBP,0.79447
3-Sep-23,USD,GBP,0.79423
4-Sep-23,USD,GBP,0.79224
5-Sep-23,USD,GBP,0.795555
6-Sep-23,USD,GBP,0.80011
7-Sep-23,USD,GBP,0.80164
8-Sep-23,USD,GBP,0.802246
9-Sep-23,USD,GBP,0.802246
10-Sep-23,USD,GBP,0.800705
11-Sep-23,USD,GBP,0.79949
12-Sep-23,USD,GBP,0.800575
13-Sep-23,USD,GBP,0.80071
14-Sep-23,USD,GBP,0.806365
15-Sep-23,USD,GBP,0.807346
16-Sep-23,USD,GBP,0.807363
17-Sep-23,USD,GBP,0.80664
18-Sep-23,USD,GBP,0.80754
19-Sep-23,USD,GBP,0.806905
20-Sep-23,USD,GBP,0.811155
21-Sep-23,USD,GBP,0.81343
22-Sep-23,USD,GBP,0.816927
23-Sep-23,USD,GBP,0.81706
24-Sep-23,USD,GBP,0.816915
25-Sep-23,USD,GBP,0.81882
26-Sep-23,USD,GBP,0.823305
27-Sep-23,USD,GBP,0.824075
28-Sep-23,USD,GBP,0.819385
29-Sep-23,USD,GBP,0.819538
30-Sep-23,USD,GBP,0.819874
1-Oct-23,USD,GBP,0.820185
2-Oct-23,USD,GBP,0.82708
3-Oct-23,USD,GBP,0.82796
4-Oct-23,USD,GBP,0.824012
5-Oct-23,USD,GBP,0.820545
6-Oct-23,USD,GBP,0.816993
7-Oct-23,USD,GBP,0.816993
8-Oct-23,USD,GBP,0.818299
9-Oct-23,USD,GBP,0.81635
10-Oct-23,USD,GBP,0.813705
11-Oct-23,USD,GBP,0.81197
12-Oct-23,USD,GBP,0.820845
13-Oct-23,USD,GBP,0.824742
14-Oct-23,USD,GBP,0.82481
15-Oct-23,USD,GBP,0.822835
16-Oct-23,USD,GBP,0.81895
17-Oct-23,USD,GBP,0.82115
18-Oct-23,USD,GBP,0.823605
19-Oct-23,USD,GBP,0.823965
20-Oct-23,USD,GBP,0.822978
21-Oct-23,USD,GBP,0.822978
22-Oct-23,USD,GBP,0.82215
23-Oct-23,USD,GBP,0.81635
24-Oct-23,USD,GBP,0.822285
25-Oct-23,USD,GBP,0.82624
26-Oct-23,USD,GBP,0.823975
27-Oct-23,USD,GBP,0.824878
28-Oct-23,USD,GBP,0.824538
29-Oct-23,USD,GBP,0.82547
30-Oct-23,USD,GBP,0.82201
31-Oct-23,USD,GBP,0.822985
1-Nov-23,USD,GBP,0.821112
2-Nov-23,USD,GBP,0.820335
3-Nov-23,USD,GBP,0.80805
4-Nov-23,USD,GBP,0.808081
5-Nov-23,USD,GBP,0.808071
6-Nov-23,USD,GBP,0.810065
7-Nov-23,USD,GBP,0.81353
8-Nov-23,USD,GBP,0.81405
9-Nov-23,USD,GBP,0.818578
10-Nov-23,USD,GBP,0.81813
11-Nov-23,USD,GBP,0.81813
12-Nov-23,USD,GBP,0.817825
13-Nov-23,USD,GBP,0.81432
14-Nov-23,USD,GBP,0.80037
15-Nov-23,USD,GBP,0.805135
16-Nov-23,USD,GBP,0.805496
17-Nov-23,USD,GBP,0.802568
18-Nov-23,USD,GBP,0.802762
19-Nov-23,USD,GBP,0.802975
20-Nov-23,USD,GBP,0.79945
21-Nov-23,USD,GBP,0.79722
22-Nov-23,USD,GBP,0.800641
23-Nov-23,USD,GBP,0.797915
24-Nov-23,USD,GBP,0.793588
25-Nov-23,USD,GBP,0.793588
26-Nov-23,USD,GBP,0.793685
27-Nov-23,USD,GBP,0.79153
28-Nov-23,USD,GBP,0.786675
29-Nov-23,USD,GBP,0.787681
30-Nov-23,USD,GBP,0.79179
1-Dec-23,USD,GBP,0.787278
2-Dec-23,USD,GBP,0.787464
3-Dec-23,USD,GBP,0.786645
4-Dec-23,USD,GBP,0.79155
5-Dec-23,USD,GBP,0.79405
6-Dec-23,USD,GBP,0.79615
7-Dec-23,USD,GBP,0.794415
8-Dec-23,USD,GBP,0.796686
9-Dec-23,USD,GBP,0.79694
10-Dec-23,USD,GBP,0.796735
11-Dec-23,USD,GBP,0.79661
12-Dec-23,USD,GBP,0.79554
13-Dec-23,USD,GBP,0.792265
14-Dec-23,USD,GBP,0.78305
15-Dec-23,USD,GBP,0.788084
16-Dec-23,USD,GBP,0.788084
17-Dec-23,USD,GBP,0.789113
18-Dec-23,USD,GBP,0.790451
19-Dec-23,USD,GBP,0.785435
20-Dec-23,USD,GBP,0.791125
21-Dec-23,USD,GBP,0.788455
22-Dec-23,USD,GBP,0.78734
23-Dec-23,USD,GBP,0.787464
24-Dec-23,USD,GBP,0.788924
25-Dec-23,USD,GBP,0.78715
26-Dec-23,USD,GBP,0.78577
27-Dec-23,USD,GBP,0.781235
28-Dec-23,USD,GBP,0.78535
29-Dec-23,USD,GBP,0.784929
30-Dec-23,USD,GBP,0.784929
31-Dec-23,USD,GBP,0.785546
1-Jan-23,USD,EUR,0.934185
2-Jan-23,USD,EUR,0.93656
3-Jan-23,USD,EUR,0.94818
4-Jan-23,USD,EUR,0.94265
5-Jan-23,USD,EUR,0.950397
6-Jan-23,USD,EUR,0.93775
7-Jan-23,USD,EUR,0.93775
8-Jan-23,USD,EUR,0.93844
9-Jan-23,USD,EUR,0.93158
10-Jan-23,USD,EUR,0.93122
11-Jan-23,USD,EUR,0.929011
12-Jan-23,USD,EUR,0.92083
13-Jan-23,USD,EUR,0.92185
14-Jan-23,USD,EUR,0.92185
15-Jan-23,USD,EUR,0.92385
16-Jan-23,USD,EUR,0.92338
17-Jan-23,USD,EUR,0.92701
18-Jan-23,USD,EUR,0.92616
19-Jan-23,USD,EUR,0.92293
20-Jan-23,USD,EUR,0.919404
21-Jan-23,USD,EUR,0.91935
22-Jan-23,USD,EUR,0.92042
23-Jan-23,USD,EUR,0.91978
24-Jan-23,USD,EUR,0.91846
25-Jan-23,USD,EUR,0.91561
26-Jan-23,USD,EUR,0.917896
27-Jan-23,USD,EUR,0.91975
28-Jan-23,USD,EUR,0.91975
29-Jan-23,USD,EUR,0.91987
30-Jan-23,USD,EUR,0.921705
31-Jan-23,USD,EUR,0.92072
1-Feb-23,USD,EUR,0.90806
2-Feb-23,USD,EUR,0.91703
3-Feb-23,USD,EUR,0.92355
4-Feb-23,USD,EUR,0.92355
5-Feb-23,USD,EUR,0.92674
6-Feb-23,USD,EUR,0.932023
7-Feb-23,USD,EUR,0.93202
8-Feb-23,USD,EUR,0.93315
9-Feb-23,USD,EUR,0.93105
10-Feb-23,USD,EUR,0.93465
11-Feb-23,USD,EUR,0.93445
12-Feb-23,USD,EUR,0.936475
13-Feb-23,USD,EUR,0.93196
14-Feb-23,USD,EUR,0.93153
15-Feb-23,USD,EUR,0.93528
16-Feb-23,USD,EUR,0.937599
17-Feb-23,USD,EUR,0.93285
18-Feb-23,USD,EUR,0.932804
19-Feb-23,USD,EUR,0.935898
20-Feb-23,USD,EUR,0.93605
21-Feb-23,USD,EUR,0.93882
22-Feb-23,USD,EUR,0.942901
23-Feb-23,USD,EUR,0.94355
24-Feb-23,USD,EUR,0.94475
25-Feb-23,USD,EUR,0.944804
26-Feb-23,USD,EUR,0.94748
27-Feb-23,USD,EUR,0.94255
28-Feb-23,USD,EUR,0.94546
1-Mar-23,USD,EUR,0.93729
2-Mar-23,USD,EUR,0.94345
3-Mar-23,USD,EUR,0.93904
4-Mar-23,USD,EUR,0.93895
5-Mar-23,USD,EUR,0.94106
6-Mar-23,USD,EUR,0.93575
7-Mar-23,USD,EUR,0.94793
8-Mar-23,USD,EUR,0.94791
9-Mar-23,USD,EUR,0.94479
10-Mar-23,USD,EUR,0.938304
11-Mar-23,USD,EUR,0.938304
12-Mar-23,USD,EUR,0.93604
13-Mar-23,USD,EUR,0.93255
14-Mar-23,USD,EUR,0.932202
15-Mar-23,USD,EUR,0.94491
16-Mar-23,USD,EUR,0.94217
17-Mar-23,USD,EUR,0.93005
18-Mar-23,USD,EUR,0.93005
19-Mar-23,USD,EUR,0.93647
20-Mar-23,USD,EUR,0.93294
21-Mar-23,USD,EUR,0.92817
22-Mar-23,USD,EUR,0.91996
23-Mar-23,USD,EUR,0.92292
24-Mar-23,USD,EUR,0.927604
25-Mar-23,USD,EUR,0.927504
26-Mar-23,USD,EUR,0.927945
27-Mar-23,USD,EUR,0.92535
28-Mar-23,USD,EUR,0.92266
29-Mar-23,USD,EUR,0.922231
30-Mar-23,USD,EUR,0.91706
31-Mar-23,USD,EUR,0.919904
1-Apr-23,USD,EUR,0.919904
2-Apr-23,USD,EUR,0.92544
3-Apr-23,USD,EUR,0.91655
4-Apr-23,USD,EUR,0.91255
5-Apr-23,USD,EUR,0.91709
6-Apr-23,USD,EUR,0.91577
7-Apr-23,USD,EUR,0.909404
8-Apr-23,USD,EUR,0.909404
9-Apr-23,USD,EUR,0.91639
10-Apr-23,USD,EUR,0.92005
11-Apr-23,USD,EUR,0.915989
12-Apr-23,USD,EUR,0.90934
13-Apr-23,USD,EUR,0.90487
14-Apr-23,USD,EUR,0.900604
15-Apr-23,USD,EUR,0.900604
16-Apr-23,USD,EUR,0.91035
17-Apr-23,USD,EUR,0.91533
18-Apr-23,USD,EUR,0.91111
19-Apr-23,USD,EUR,0.91309
20-Apr-23,USD,EUR,0.91172
21-Apr-23,USD,EUR,0.901104
22-Apr-23,USD,EUR,0.901104
23-Apr-23,USD,EUR,0.90976
24-Apr-23,USD,EUR,0.90435
25-Apr-23,USD,EUR,0.9108
26-Apr-23,USD,EUR,0.90539
27-Apr-23,USD,EUR,0.906503
28-Apr-23,USD,EUR,0.898704
29-Apr-23,USD,EUR,0.898704
30-Apr-23,USD,EUR,0.90822
1-May-23,USD,EUR,0.911701
2-May-23,USD,EUR,0.90822
3-May-23,USD,EUR,0.90346
4-May-23,USD,EUR,0.90723
5-May-23,USD,EUR,0.89204
6-May-23,USD,EUR,0.89204
7-May-23,USD,EUR,0.90758
8-May-23,USD,EUR,0.90944
9-May-23,USD,EUR,0.91205
10-May-23,USD,EUR,0.91044
11-May-23,USD,EUR,0.91644
12-May-23,USD,EUR,0.914104
13-May-23,USD,EUR,0.914104
14-May-23,USD,EUR,0.92146
15-May-23,USD,EUR,0.91968
16-May-23,USD,EUR,0.92036
17-May-23,USD,EUR,0.92268
18-May-23,USD,EUR,0.92807
19-May-23,USD,EUR,0.923904
20-May-23,USD,EUR,0.923904
21-May-23,USD,EUR,0.92401
22-May-23,USD,EUR,0.92501
23-May-23,USD,EUR,0.92856
24-May-23,USD,EUR,0.92975
25-May-23,USD,EUR,0.93248
26-May-23,USD,EUR,0.93185
27-May-23,USD,EUR,0.93185
28-May-23,USD,EUR,0.932602
29-May-23,USD,EUR,0.93394
30-May-23,USD,EUR,0.93185
31-May-23,USD,EUR,0.93515
1-Jun-23,USD,EUR,0.92933
2-Jun-23,USD,EUR,0.93235
3-Jun-23,USD,EUR,0.93235
4-Jun-23,USD,EUR,0.934802
5-Jun-23,USD,EUR,0.93358
6-Jun-23,USD,EUR,0.93478
7-Jun-23,USD,EUR,0.93396
8-Jun-23,USD,EUR,0.92744
9-Jun-23,USD,EUR,0.928904
10-Jun-23,USD,EUR,0.928904
11-Jun-23,USD,EUR,0.93018
12-Jun-23,USD,EUR,0.92914
13-Jun-23,USD,EUR,0.92687
14-Jun-23,USD,EUR,0.92228
15-Jun-23,USD,EUR,0.91361
16-Jun-23,USD,EUR,0.91235
17-Jun-23,USD,EUR,0.91235
18-Jun-23,USD,EUR,0.91405
19-Jun-23,USD,EUR,0.91542
20-Jun-23,USD,EUR,0.91575
21-Jun-23,USD,EUR,0.909803
22-Jun-23,USD,EUR,0.912602
23-Jun-23,USD,EUR,0.914804
24-Jun-23,USD,EUR,0.914804
25-Jun-23,USD,EUR,0.9169
26-Jun-23,USD,EUR,0.91658
27-Jun-23,USD,EUR,0.91267
28-Jun-23,USD,EUR,0.91613
29-Jun-23,USD,EUR,0.92016
30-Jun-23,USD,EUR,0.91605
1-Jul-23,USD,EUR,0.91605
2-Jul-23,USD,EUR,0.916899
3-Jul-23,USD,EUR,0.91636
4-Jul-23,USD,EUR,0.918796
5-Jul-23,USD,EUR,0.921201
6-Jul-23,USD,EUR,0.91825
7-Jul-23,USD,EUR,0.911204
8-Jul-23,USD,EUR,0.911204
9-Jul-23,USD,EUR,0.911699
10-Jul-23,USD,EUR,0.90863
11-Jul-23,USD,EUR,0.90796
12-Jul-23,USD,EUR,0.89745
13-Jul-23,USD,EUR,0.89102
14-Jul-23,USD,EUR,0.88915
15-Jul-23,USD,EUR,0.88915
16-Jul-23,USD,EUR,0.890695
17-Jul-23,USD,EUR,0.889899
18-Jul-23,USD,EUR,0.89058
19-Jul-23,USD,EUR,0.892455
20-Jul-23,USD,EUR,0.897991
21-Jul-23,USD,EUR,0.898204
22-Jul-23,USD,EUR,0.898204
23-Jul-23,USD,EUR,0.89888
24-Jul-23,USD,EUR,0.90393
25-Jul-23,USD,EUR,0.90496
26-Jul-23,USD,EUR,0.90268
27-Jul-23,USD,EUR,0.910875
28-Jul-23,USD,EUR,0.906504
29-Jul-23,USD,EUR,0.906504
30-Jul-23,USD,EUR,0.907115
31-Jul-23,USD,EUR,0.909315
1-Aug-23,USD,EUR,0.90846
2-Aug-23,USD,EUR,0.91376
3-Aug-23,USD,EUR,0.913125
4-Aug-23,USD,EUR,0.90704
5-Aug-23,USD,EUR,0.90704
6-Aug-23,USD,EUR,0.90889
7-Aug-23,USD,EUR,0.90886
8-Aug-23,USD,EUR,0.912525
9-Aug-23,USD,EUR,0.910965
10-Aug-23,USD,EUR,0.910631
11-Aug-23,USD,EUR,0.912104
12-Aug-23,USD,EUR,0.912104
13-Aug-23,USD,EUR,0.91373
14-Aug-23,USD,EUR,0.916699
15-Aug-23,USD,EUR,0.917095
16-Aug-23,USD,EUR,0.91957
17-Aug-23,USD,EUR,0.919585
18-Aug-23,USD,EUR,0.918404
19-Aug-23,USD,EUR,0.918404
20-Aug-23,USD,EUR,0.919515
21-Aug-23,USD,EUR,0.917604
22-Aug-23,USD,EUR,0.921955
23-Aug-23,USD,EUR,0.920355
24-Aug-23,USD,EUR,0.92604
25-Aug-23,USD,EUR,0.926404
26-Aug-23,USD,EUR,0.926404
27-Aug-23,USD,EUR,0.92617
28-Aug-23,USD,EUR,0.92376
29-Aug-23,USD,EUR,0.920055
30-Aug-23,USD,EUR,0.91485
31-Aug-23,USD,EUR,0.92219
1-Sep-23,USD,EUR,0.926304
2-Sep-23,USD,EUR,0.926304
3-Sep-23,USD,EUR,0.928025
4-Sep-23,USD,EUR,0.92655
5-Sep-23,USD,EUR,0.93245
6-Sep-23,USD,EUR,0.932505
7-Sep-23,USD,EUR,0.934805
8-Sep-23,USD,EUR,0.93355
9-Sep-23,USD,EUR,0.93355
10-Sep-23,USD,EUR,0.93315
11-Sep-23,USD,EUR,0.93035
12-Sep-23,USD,EUR,0.929995
13-Sep-23,USD,EUR,0.93175
14-Sep-23,USD,EUR,0.94025
15-Sep-23,USD,EUR,0.936904
16-Sep-23,USD,EUR,0.936904
17-Sep-23,USD,EUR,0.937385
18-Sep-23,USD,EUR,0.935255
19-Sep-23,USD,EUR,0.93619
20-Sep-23,USD,EUR,0.93885
21-Sep-23,USD,EUR,0.93799
22-Sep-23,USD,EUR,0.93705
23-Sep-23,USD,EUR,0.93705
24-Sep-23,USD,EUR,0.93915
25-Sep-23,USD,EUR,0.944165
26-Sep-23,USD,EUR,0.946145
27-Sep-23,USD,EUR,0.95194
28-Sep-23,USD,EUR,0.94677
29-Sep-23,USD,EUR,0.944604
30-Sep-23,USD,EUR,0.944604
1-Oct-23,USD,EUR,0.94665
2-Oct-23,USD,EUR,0.95417
3-Oct-23,USD,EUR,0.95505
4-Oct-23,USD,EUR,0.95178
5-Oct-23,USD,EUR,0.94821
6-Oct-23,USD,EUR,0.94335
7-Oct-23,USD,EUR,0.94335
8-Oct-23,USD,EUR,0.946404
9-Oct-23,USD,EUR,0.945305
10-Oct-23,USD,EUR,0.943005
11-Oct-23,USD,EUR,0.941265
12-Oct-23,USD,EUR,0.949095
13-Oct-23,USD,EUR,0.95105
14-Oct-23,USD,EUR,0.95105
15-Oct-23,USD,EUR,0.95047
16-Oct-23,USD,EUR,0.947505
17-Oct-23,USD,EUR,0.94595
18-Oct-23,USD,EUR,0.948925
19-Oct-23,USD,EUR,0.94475
20-Oct-23,USD,EUR,0.94325
21-Oct-23,USD,EUR,0.94325
22-Oct-23,USD,EUR,0.944325
23-Oct-23,USD,EUR,0.93726
24-Oct-23,USD,EUR,0.943845
25-Oct-23,USD,EUR,0.946345
26-Oct-23,USD,EUR,0.946595
27-Oct-23,USD,EUR,0.945304
28-Oct-23,USD,EUR,0.945304
29-Oct-23,USD,EUR,0.94664
30-Oct-23,USD,EUR,0.9421
31-Oct-23,USD,EUR,0.9453
1-Nov-23,USD,EUR,0.944745
2-Nov-23,USD,EUR,0.94185
3-Nov-23,USD,EUR,0.93145
4-Nov-23,USD,EUR,0.93145
5-Nov-23,USD,EUR,0.93179
6-Nov-23,USD,EUR,0.93285
7-Nov-23,USD,EUR,0.9349
8-Nov-23,USD,EUR,0.93371
9-Nov-23,USD,EUR,0.937497
10-Nov-23,USD,EUR,0.933304
11-Nov-23,USD,EUR,0.933304
12-Nov-23,USD,EUR,0.93549
13-Nov-23,USD,EUR,0.934485
14-Nov-23,USD,EUR,0.919165
15-Nov-23,USD,EUR,0.921425
16-Nov-23,USD,EUR,0.921385
17-Nov-23,USD,EUR,0.91605
18-Nov-23,USD,EUR,0.91605
19-Nov-23,USD,EUR,0.91687
20-Nov-23,USD,EUR,0.91363
21-Nov-23,USD,EUR,0.91605
22-Nov-23,USD,EUR,0.918401
23-Nov-23,USD,EUR,0.91705
24-Nov-23,USD,EUR,0.913304
25-Nov-23,USD,EUR,0.913304
26-Nov-23,USD,EUR,0.914075
27-Nov-23,USD,EUR,0.912575
28-Nov-23,USD,EUR,0.908702
29-Nov-23,USD,EUR,0.911315
30-Nov-23,USD,EUR,0.918103
1-Dec-23,USD,EUR,0.91805
2-Dec-23,USD,EUR,0.91855
3-Dec-23,USD,EUR,0.91847
4-Dec-23,USD,EUR,0.92274
5-Dec-23,USD,EUR,0.926502
6-Dec-23,USD,EUR,0.92887
7-Dec-23,USD,EUR,0.92675
8-Dec-23,USD,EUR,0.928204
9-Dec-23,USD,EUR,0.928204
10-Dec-23,USD,EUR,0.929015
11-Dec-23,USD,EUR,0.9289
12-Dec-23,USD,EUR,0.92608
13-Dec-23,USD,EUR,0.91875
14-Dec-23,USD,EUR,0.90964
15-Dec-23,USD,EUR,0.916804
16-Dec-23,USD,EUR,0.916804
17-Dec-23,USD,EUR,0.917855
18-Dec-23,USD,EUR,0.915475
19-Dec-23,USD,EUR,0.91069
20-Dec-23,USD,EUR,0.913701
21-Dec-23,USD,EUR,0.90861
22-Dec-23,USD,EUR,0.90705
23-Dec-23,USD,EUR,0.90705
24-Dec-23,USD,EUR,0.90705
25-Dec-23,USD,EUR,0.90748
26-Dec-23,USD,EUR,0.905595
27-Dec-23,USD,EUR,0.900235
28-Dec-23,USD,EUR,0.90354
29-Dec-23,USD,EUR,0.904604
30-Dec-23,USD,EUR,0.904604
31-Dec-23,USD,EUR,0.904604
1-Jan-23,USD,PKR,226.550018
2-Jan-23,USD,PKR,226.722297
3-Jan-23,USD,PKR,226.975029
4-Jan-23,USD,PKR,226.974987
5-Jan-23,USD,PKR,227.124998
6-Jan-23,USD,PKR,227.250375
7-Jan-23,USD,PKR,227.250375
8-Jan-23,USD,PKR,227.249817
9-Jan-23,USD,PKR,227.599797
10-Jan-23,USD,PKR,228.49768
11-Jan-23,USD,PKR,228.502236
12-Jan-23,USD,PKR,228.500156
13-Jan-23,USD,PKR,229.000342
14-Jan-23,USD,PKR,228.030235
15-Jan-23,USD,PKR,228.030235
16-Jan-23,USD,PKR,228.883491
17-Jan-23,USD,PKR,228.724968
18-Jan-23,USD,PKR,228.772936
19-Jan-23,USD,PKR,229.198173
20-Jan-23,USD,PKR,229.847407
21-Jan-23,USD,PKR,229.847407
22-Jan-23,USD,PKR,229.847407
23-Jan-23,USD,PKR,230.25041
24-Jan-23,USD,PKR,231.510648
25-Jan-23,USD,PKR,230.2498
26-Jan-23,USD,PKR,250.503214
27-Jan-23,USD,PKR,262.850375
28-Jan-23,USD,PKR,250.623258
29-Jan-23,USD,PKR,250.623258
30-Jan-23,USD,PKR,269.504398
31-Jan-23,USD,PKR,267.95007
1-Feb-23,USD,PKR,267.197705
2-Feb-23,USD,PKR,270.650045
3-Feb-23,USD,PKR,275.503704
4-Feb-23,USD,PKR,277.809669
5-Feb-23,USD,PKR,277.809669
6-Feb-23,USD,PKR,275.175013
7-Feb-23,USD,PKR,276.498611
8-Feb-23,USD,PKR,274.502678
9-Feb-23,USD,PKR,269.549926
10-Feb-23,USD,PKR,271.503704
11-Feb-23,USD,PKR,269.274375
12-Feb-23,USD,PKR,269.274375
13-Feb-23,USD,PKR,267.023799
14-Feb-23,USD,PKR,267.503214
15-Feb-23,USD,PKR,265.859367
16-Feb-23,USD,PKR,264.240171
17-Feb-23,USD,PKR,262.950375
18-Feb-23,USD,PKR,260.402276
19-Feb-23,USD,PKR,261.268582
20-Feb-23,USD,PKR,261.678899
21-Feb-23,USD,PKR,262.453142
22-Feb-23,USD,PKR,261.693378
23-Feb-23,USD,PKR,260.949548
24-Feb-23,USD,PKR,260.175038
25-Feb-23,USD,PKR,257.801426
26-Feb-23,USD,PKR,257.801426
27-Feb-23,USD,PKR,260.000162
28-Feb-23,USD,PKR,261.574993
1-Mar-23,USD,PKR,266.230109
2-Mar-23,USD,PKR,281.84984
3-Mar-23,USD,PKR,278.903704
4-Mar-23,USD,PKR,278.903704
5-Mar-23,USD,PKR,278.896166
6-Mar-23,USD,PKR,275.697825
7-Mar-23,USD,PKR,276.298617
8-Mar-23,USD,PKR,278.250051
9-Mar-23,USD,PKR,283.150052
10-Mar-23,USD,PKR,279.220255
11-Mar-23,USD,PKR,279.298971
12-Mar-23,USD,PKR,279.298971
13-Mar-23,USD,PKR,281.95023
14-Mar-23,USD,PKR,281.649768
15-Mar-23,USD,PKR,283.375005
16-Mar-23,USD,PKR,283.375019
17-Mar-23,USD,PKR,281.850375
18-Mar-23,USD,PKR,277.81012
19-Mar-23,USD,PKR,277.81012
20-Mar-23,USD,PKR,281.884806
21-Mar-23,USD,PKR,281.615905
22-Mar-23,USD,PKR,283.019682
23-Mar-23,USD,PKR,282.54771
24-Mar-23,USD,PKR,283.116291
25-Mar-23,USD,PKR,283.116291
26-Mar-23,USD,PKR,283.116291
27-Mar-23,USD,PKR,283.649651
28-Mar-23,USD,PKR,283.158973
29-Mar-23,USD,PKR,283.419974
30-Mar-23,USD,PKR,283.749872
31-Mar-23,USD,PKR,283.803704
1-Apr-23,USD,PKR,283.803704
2-Apr-23,USD,PKR,283.802192
3-Apr-23,USD,PKR,284.950067
4-Apr-23,USD,PKR,287.000115
5-Apr-23,USD,PKR,288.250507
6-Apr-23,USD,PKR,287.872824
7-Apr-23,USD,PKR,284.000342
8-Apr-23,USD,PKR,279.058241
9-Apr-23,USD,PKR,279.058241
10-Apr-23,USD,PKR,286.501879
11-Apr-23,USD,PKR,288.124999
12-Apr-23,USD,PKR,287.874978
13-Apr-23,USD,PKR,284.796424
14-Apr-23,USD,PKR,284.450375
15-Apr-23,USD,PKR,279.716511
16-Apr-23,USD,PKR,279.716511
17-Apr-23,USD,PKR,284.496688
18-Apr-23,USD,PKR,283.850248
19-Apr-23,USD,PKR,280.582208
20-Apr-23,USD,PKR,283.500575
21-Apr-23,USD,PKR,283.503704
22-Apr-23,USD,PKR,283.503704
23-Apr-23,USD,PKR,283.50265
24-Apr-23,USD,PKR,279.06882
25-Apr-23,USD,PKR,283.480155
26-Apr-23,USD,PKR,283.796504
27-Apr-23,USD,PKR,283.724981
28-Apr-23,USD,PKR,283.703704
29-Apr-23,USD,PKR,279.965949
30-Apr-23,USD,PKR,279.965949
1-May-23,USD,PKR,283.724977
2-May-23,USD,PKR,283.798309
3-May-23,USD,PKR,283.803539
4-May-23,USD,PKR,283.84992
5-May-23,USD,PKR,283.503704
6-May-23,USD,PKR,283.503704
7-May-23,USD,PKR,283.499807
8-May-23,USD,PKR,283.729715
9-May-23,USD,PKR,284.492287
10-May-23,USD,PKR,284.506089
11-May-23,USD,PKR,295.650153
12-May-23,USD,PKR,295.650375
13-May-23,USD,PKR,284.363454
14-May-23,USD,PKR,284.363454
15-May-23,USD,PKR,284.999805
16-May-23,USD,PKR,285.404982
17-May-23,USD,PKR,284.999734
18-May-23,USD,PKR,285.749955
19-May-23,USD,PKR,285.503704
20-May-23,USD,PKR,284.984432
21-May-23,USD,PKR,284.984432
22-May-23,USD,PKR,286.62497
23-May-23,USD,PKR,286.950347
24-May-23,USD,PKR,287.449965
25-May-23,USD,PKR,285.999782
26-May-23,USD,PKR,285.000342
27-May-23,USD,PKR,285.000342
28-May-23,USD,PKR,285.64739
29-May-23,USD,PKR,285.263732
30-May-23,USD,PKR,285.824973
31-May-23,USD,PKR,285.496617
1-Jun-23,USD,PKR,285.185451
2-Jun-23,USD,PKR,285.625038
3-Jun-23,USD,PKR,286.685032
4-Jun-23,USD,PKR,286.685032
5-Jun-23,USD,PKR,286.249915
6-Jun-23,USD,PKR,86.259941
7-Jun-23,USD,PKR,286.724983
8-Jun-23,USD,PKR,287.150338
9-Jun-23,USD,PKR,286.950375
10-Jun-23,USD,PKR,286.886721
11-Jun-23,USD,PKR,286.886721
12-Jun-23,USD,PKR,287.51387
13-Jun-23,USD,PKR,287.497023
14-Jun-23,USD,PKR,287.224953
15-Jun-23,USD,PKR,287.45012
16-Jun-23,USD,PKR,287.425038
17-Jun-23,USD,PKR,287.425038
18-Jun-23,USD,PKR,286.575168
19-Jun-23,USD,PKR,287.503075
20-Jun-23,USD,PKR,287.450311
21-Jun-23,USD,PKR,286.949443
22-Jun-23,USD,PKR,286.724982
23-Jun-23,USD,PKR,286.503704
24-Jun-23,USD,PKR,284.731562
25-Jun-23,USD,PKR,284.731562
26-Jun-23,USD,PKR,286.549891
27-Jun-23,USD,PKR,286.550072
28-Jun-23,USD,PKR,286.497497
29-Jun-23,USD,PKR,286.502184
30-Jun-23,USD,PKR,286.503704
1-Jul-23,USD,PKR,286.503704
2-Jul-23,USD,PKR,284.713782
3-Jul-23,USD,PKR,286.492858
4-Jul-23,USD,PKR,275.10478
5-Jul-23,USD,PKR,277.349507
6-Jul-23,USD,PKR,276.999956
7-Jul-23,USD,PKR,277.955038
8-Jul-23,USD,PKR,272.374584
9-Jul-23,USD,PKR,272.374584
10-Jul-23,USD,PKR,279.749847
11-Jul-23,USD,PKR,279.097647
12-Jul-23,USD,PKR,277.724968
13-Jul-23,USD,PKR,275.724959
14-Jul-23,USD,PKR,277.503704
15-Jul-23,USD,PKR,273.318042
16-Jul-23,USD,PKR,273.318042
17-Jul-23,USD,PKR,279.000363
18-Jul-23,USD,PKR,281.000404
19-Jul-23,USD,PKR,283.874961
20-Jul-23,USD,PKR,284.999585
21-Jul-23,USD,PKR,286.050375
22-Jul-23,USD,PKR,286.569683
23-Jul-23,USD,PKR,286.569683
24-Jul-23,USD,PKR,288.225018
25-Jul-23,USD,PKR,288.224981
26-Jul-23,USD,PKR,287.374978
27-Jul-23,USD,PKR,287.374974
28-Jul-23,USD,PKR,286.403704
29-Jul-23,USD,PKR,285.30902
30-Jul-23,USD,PKR,285.30902
31-Jul-23,USD,PKR,286.84974
1-Aug-23,USD,PKR,287.050283
2-Aug-23,USD,PKR,285.399114
3-Aug-23,USD,PKR,288.97502
4-Aug-23,USD,PKR,283.533035
5-Aug-23,USD,PKR,281.342221
6-Aug-23,USD,PKR,281.635951
7-Aug-23,USD,PKR,283.584713
8-Aug-23,USD,PKR,287.9264
9-Aug-23,USD,PKR,287.474875
10-Aug-23,USD,PKR,287.601313
11-Aug-23,USD,PKR,288.373732
12-Aug-23,USD,PKR,289.162753
13-Aug-23,USD,PKR,289.4875
14-Aug-23,USD,PKR,288.125007
15-Aug-23,USD,PKR,291.149765
16-Aug-23,USD,PKR,293.650135
17-Aug-23,USD,PKR,294.99958
18-Aug-23,USD,PKR,295.000342
19-Aug-23,USD,PKR,296.222926
20-Aug-23,USD,PKR,296.222926
21-Aug-23,USD,PKR,296.400564
22-Aug-23,USD,PKR,297.494587
23-Aug-23,USD,PKR,297.499647
24-Aug-23,USD,PKR,299.489005
25-Aug-23,USD,PKR,302.901957
26-Aug-23,USD,PKR,303.182513
27-Aug-23,USD,PKR,303.182513
28-Aug-23,USD,PKR,303.542194
29-Aug-23,USD,PKR,304.179661
30-Aug-23,USD,PKR,304.697224
31-Aug-23,USD,PKR,306.52677
1-Sep-23,USD,PKR,306.254282
2-Sep-23,USD,PKR,307.625654
3-Sep-23,USD,PKR,307.625654
4-Sep-23,USD,PKR,306.634647
5-Sep-23,USD,PKR,308.098387
6-Sep-23,USD,PKR,307.50398
7-Sep-23,USD,PKR,304.999913
8-Sep-23,USD,PKR,307.375038
9-Sep-23,USD,PKR,307.375038
10-Sep-23,USD,PKR,306.068232
11-Sep-23,USD,PKR,300.999975
12-Sep-23,USD,PKR,299.65027
13-Sep-23,USD,PKR,299.650236
14-Sep-23,USD,PKR,297.950308
15-Sep-23,USD,PKR,297.025038
16-Sep-23,USD,PKR,296.4202
17-Sep-23,USD,PKR,296.4202
18-Sep-23,USD,PKR,296.224987
19-Sep-23,USD,PKR,294.774984
20-Sep-23,USD,PKR,294.050056
21-Sep-23,USD,PKR,292.949885
22-Sep-23,USD,PKR,292.950375
23-Sep-23,USD,PKR,287.223872
24-Sep-23,USD,PKR,287.223872
25-Sep-23,USD,PKR,290.519621
26-Sep-23,USD,PKR,290.724958
27-Sep-23,USD,PKR,288.725012
28-Sep-23,USD,PKR,287.749753
29-Sep-23,USD,PKR,287.750375
30-Sep-23,USD,PKR,289.370519
1-Oct-23,USD,PKR,289.370519
2-Oct-23,USD,PKR,286.874962
3-Oct-23,USD,PKR,285.725019
4-Oct-23,USD,PKR,284.725063
5-Oct-23,USD,PKR,279.072742
6-Oct-23,USD,PKR,277.680453
7-Oct-23,USD,PKR,277.680453
8-Oct-23,USD,PKR,277.680453
9-Oct-23,USD,PKR,281.379729
10-Oct-23,USD,PKR,280.624998
11-Oct-23,USD,PKR,279.497294
12-Oct-23,USD,PKR,278.496186
13-Oct-23,USD,PKR,277.451309
14-Oct-23,USD,PKR,277.568745
15-Oct-23,USD,PKR,277.568745
16-Oct-23,USD,PKR,276.750059
17-Oct-23,USD,PKR,276.374968
18-Oct-23,USD,PKR,279.764577
19-Oct-23,USD,PKR,278.650157
20-Oct-23,USD,PKR,278.550375
21-Oct-23,USD,PKR,274.999953
22-Oct-23,USD,PKR,274.999953
23-Oct-23,USD,PKR,278.549904
24-Oct-23,USD,PKR,279.485115
25-Oct-23,USD,PKR,280.149723
26-Oct-23,USD,PKR,280.149908
27-Oct-23,USD,PKR,277.723726
28-Oct-23,USD,PKR,276.88369
29-Oct-23,USD,PKR,276.88369
30-Oct-23,USD,PKR,281.103608
31-Oct-23,USD,PKR,281.101968
1-Nov-23,USD,PKR,282.25026
2-Nov-23,USD,PKR,282.524398
3-Nov-23,USD,PKR,278.399068
4-Nov-23,USD,PKR,278.399068
5-Nov-23,USD,PKR,278.399068
6-Nov-23,USD,PKR,285.000096
7-Nov-23,USD,PKR,284.999698
8-Nov-23,USD,PKR,286.999823
9-Nov-23,USD,PKR,283.520636
10-Nov-23,USD,PKR,283.503704
11-Nov-23,USD,PKR,282.082964
12-Nov-23,USD,PKR,282.082964
13-Nov-23,USD,PKR,287.499244
14-Nov-23,USD,PKR,287.950018
15-Nov-23,USD,PKR,288.350135
16-Nov-23,USD,PKR,288.349768
17-Nov-23,USD,PKR,288.350375
18-Nov-23,USD,PKR,285.102889
19-Nov-23,USD,PKR,285.102889
20-Nov-23,USD,PKR,288.725011
21-Nov-23,USD,PKR,285.75001
22-Nov-23,USD,PKR,284.804034
23-Nov-23,USD,PKR,282.183605
24-Nov-23,USD,PKR,285.503704
25-Nov-23,USD,PKR,281.066527
26-Nov-23,USD,PKR,281.066527
27-Nov-23,USD,PKR,285.497158
28-Nov-23,USD,PKR,285.725056
29-Nov-23,USD,PKR,285.724989
30-Nov-23,USD,PKR,285.016972
1-Dec-23,USD,PKR,285.225038
2-Dec-23,USD,PKR,281.707651
3-Dec-23,USD,PKR,281.821471
4-Dec-23,USD,PKR,284.749811
5-Dec-23,USD,PKR,284.497712
6-Dec-23,USD,PKR,284.696145
7-Dec-23,USD,PKR,284.099831
8-Dec-23,USD,PKR,269.000342
9-Dec-23,USD,PKR,283.993595
10-Dec-23,USD,PKR,284.224436
11-Dec-23,USD,PKR,283.999956
12-Dec-23,USD,PKR,283.657861
13-Dec-23,USD,PKR,283.673275
14-Dec-23,USD,PKR,283.490979
15-Dec-23,USD,PKR,283.503704
16-Dec-23,USD,PKR,281.313259
17-Dec-23,USD,PKR,281.313259
18-Dec-23,USD,PKR,279.723103
19-Dec-23,USD,PKR,283.349823
20-Dec-23,USD,PKR,283.104962
21-Dec-23,USD,PKR,282.850036
22-Dec-23,USD,PKR,279.285033
23-Dec-23,USD,PKR,278.955792
24-Dec-23,USD,PKR,279.30532
25-Dec-23,USD,PKR,279.493108
26-Dec-23,USD,PKR,282.502436
27-Dec-23,USD,PKR,282.375013
28-Dec-23,USD,PKR,281.9998
29-Dec-23,USD,PKR,278.217646
30-Dec-23,USD,PKR,278.728506
31-Dec-23,USD,PKR,278.728506
1-Jan-23,USD,CNY,6.897897
2-Jan-23,USD,CNY,6.898601
3-Jan-23,USD,CNY,6.915099
4-Jan-23,USD,CNY,6.888801
5-Jan-23,USD,CNY,6.882502
6-Jan-23,USD,CNY,6.838504
7-Jan-23,USD,CNY,6.838404
8-Jan-23,USD,CNY,6.838398
9-Jan-23,USD,CNY,6.772497
10-Jan-23,USD,CNY,6.778502
11-Jan-23,USD,CNY,6.770499
12-Jan-23,USD,CNY,6.738798
13-Jan-23,USD,CNY,6.703041
14-Jan-23,USD,CNY,6.702904
15-Jan-23,USD,CNY,6.702903
16-Jan-23,USD,CNY,6.733605
17-Jan-23,USD,CNY,6.773901
18-Jan-23,USD,CNY,6.748095
19-Jan-23,USD,CNY,6.7769
20-Jan-23,USD,CNY,6.783804
21-Jan-23,USD,CNY,6.783604
22-Jan-23,USD,CNY,6.783604
23-Jan-23,USD,CNY,6.784498
24-Jan-23,USD,CNY,6.784504
25-Jan-23,USD,CNY,6.783902
26-Jan-23,USD,CNY,6.783497
27-Jan-23,USD,CNY,6.783504
28-Jan-23,USD,CNY,6.783404
29-Jan-23,USD,CNY,6.7834
30-Jan-23,USD,CNY,6.748803
31-Jan-23,USD,CNY,6.754699
1-Feb-23,USD,CNY,6.7418
2-Feb-23,USD,CNY,6.7325
3-Feb-23,USD,CNY,6.775104
4-Feb-23,USD,CNY,6.775304
5-Feb-23,USD,CNY,6.775304
6-Feb-23,USD,CNY,6.795025
7-Feb-23,USD,CNY,6.792699
8-Feb-23,USD,CNY,6.789198
9-Feb-23,USD,CNY,6.780698
10-Feb-23,USD,CNY,6.809504
11-Feb-23,USD,CNY,6.809404
12-Feb-23,USD,CNY,6.809399
13-Feb-23,USD,CNY,6.822895
14-Feb-23,USD,CNY,6.826897
15-Feb-23,USD,CNY,6.85296
16-Feb-23,USD,CNY,6.8607
17-Feb-23,USD,CNY,6.867704
18-Feb-23,USD,CNY,6.867604
19-Feb-23,USD,CNY,6.867603
20-Feb-23,USD,CNY,6.855098
21-Feb-23,USD,CNY,6.873497
22-Feb-23,USD,CNY,6.892303
23-Feb-23,USD,CNY,6.908099
24-Feb-23,USD,CNY,6.956204
25-Feb-23,USD,CNY,6.956104
26-Feb-23,USD,CNY,6.956099
27-Feb-23,USD,CNY,6.945021
28-Feb-23,USD,CNY,6.933395
1-Mar-23,USD,CNY,6.869098
2-Mar-23,USD,CNY,6.915299
3-Mar-23,USD,CNY,6.907404
4-Mar-23,USD,CNY,6.907804
5-Mar-23,USD,CNY,6.907798
6-Mar-23,USD,CNY,6.930402
7-Mar-23,USD,CNY,6.962398
8-Mar-23,USD,CNY,6.951695
9-Mar-23,USD,CNY,6.964703
10-Mar-23,USD,CNY,6.906304
11-Mar-23,USD,CNY,6.906204
12-Mar-23,USD,CNY,6.906203
13-Mar-23,USD,CNY,6.845701
14-Mar-23,USD,CNY,6.871498
15-Mar-23,USD,CNY,6.906897
16-Mar-23,USD,CNY,6.898499
17-Mar-23,USD,CNY,6.887104
18-Mar-23,USD,CNY,6.887204
19-Mar-23,USD,CNY,6.887203
20-Mar-23,USD,CNY,6.878697
21-Mar-23,USD,CNY,6.884498
22-Mar-23,USD,CNY,6.880699
23-Mar-23,USD,CNY,6.819902
24-Mar-23,USD,CNY,6.868104
25-Mar-23,USD,CNY,6.868041
26-Mar-23,USD,CNY,6.867972
27-Mar-23,USD,CNY,6.88525
28-Mar-23,USD,CNY,6.874301
29-Mar-23,USD,CNY,6.887101
30-Mar-23,USD,CNY,6.871904
31-Mar-23,USD,CNY,6.868804
1-Apr-23,USD,CNY,6.868804
2-Apr-23,USD,CNY,6.868992
3-Apr-23,USD,CNY,6.878302
4-Apr-23,USD,CNY,6.8798
5-Apr-23,USD,CNY,6.879497
6-Apr-23,USD,CNY,6.875898
7-Apr-23,USD,CNY,6.870704
8-Apr-23,USD,CNY,6.870704
9-Apr-23,USD,CNY,6.870299
10-Apr-23,USD,CNY,6.882098
11-Apr-23,USD,CNY,6.886976
12-Apr-23,USD,CNY,6.874796
13-Apr-23,USD,CNY,6.868801
14-Apr-23,USD,CNY,6.871504
15-Apr-23,USD,CNY,6.871504
16-Apr-23,USD,CNY,6.8714
17-Apr-23,USD,CNY,6.879795
18-Apr-23,USD,CNY,6.87602
19-Apr-23,USD,CNY,6.8861
20-Apr-23,USD,CNY,6.873098
21-Apr-23,USD,CNY,6.893604
22-Apr-23,USD,CNY,6.893604
23-Apr-23,USD,CNY,6.893498
24-Apr-23,USD,CNY,6.8964
25-Apr-23,USD,CNY,6.932702
26-Apr-23,USD,CNY,6.926799
27-Apr-23,USD,CNY,6.923806
28-Apr-23,USD,CNY,6.912204
29-Apr-23,USD,CNY,6.912204
30-Apr-23,USD,CNY,6.9121
1-May-23,USD,CNY,6.912103
2-May-23,USD,CNY,6.912099
3-May-23,USD,CNY,6.912102
4-May-23,USD,CNY,6.906702
5-May-23,USD,CNY,6.910604
6-May-23,USD,CNY,6.910604
7-May-23,USD,CNY,6.910504
8-May-23,USD,CNY,6.912497
9-May-23,USD,CNY,6.920497
10-May-23,USD,CNY,6.933301
11-May-23,USD,CNY,6.948703
12-May-23,USD,CNY,6.958204
13-May-23,USD,CNY,6.958204
14-May-23,USD,CNY,6.958296
15-May-23,USD,CNY,6.952599
16-May-23,USD,CNY,6.977603
17-May-23,USD,CNY,6.998595
18-May-23,USD,CNY,7.036097
19-May-23,USD,CNY,7.007604
20-May-23,USD,CNY,7.007604
21-May-23,USD,CNY,7.007901
22-May-23,USD,CNY,7.03399
23-May-23,USD,CNY,7.057396
24-May-23,USD,CNY,7.060901
25-May-23,USD,CNY,7.078904
26-May-23,USD,CNY,7.064704
27-May-23,USD,CNY,7.064704
28-May-23,USD,CNY,7.064699
29-May-23,USD,CNY,7.0733
30-May-23,USD,CNY,7.07983
31-May-23,USD,CNY,7.1118
1-Jun-23,USD,CNY,7.094503
2-Jun-23,USD,CNY,7.084904
3-Jun-23,USD,CNY,7.084904
4-Jun-23,USD,CNY,7.0848
5-Jun-23,USD,CNY,7.105963
6-Jun-23,USD,CNY,7.119803
7-Jun-23,USD,CNY,7.129795
8-Jun-23,USD,CNY,7.112299
9-Jun-23,USD,CNY,7.128604
10-Jun-23,USD,CNY,7.128604
11-Jun-23,USD,CNY,7.128596
12-Jun-23,USD,CNY,7.145601
13-Jun-23,USD,CNY,7.167498
14-Jun-23,USD,CNY,7.163603
15-Jun-23,USD,CNY,7.12103
16-Jun-23,USD,CNY,7.126304
17-Jun-23,USD,CNY,7.126304
18-Jun-23,USD,CNY,7.126601
19-Jun-23,USD,CNY,7.161504
20-Jun-23,USD,CNY,7.181803
21-Jun-23,USD,CNY,7.179497
22-Jun-23,USD,CNY,7.179504
23-Jun-23,USD,CNY,7.179904
24-Jun-23,USD,CNY,7.179904
25-Jun-23,USD,CNY,7.179501
26-Jun-23,USD,CNY,7.237602
27-Jun-23,USD,CNY,7.220201
28-Jun-23,USD,CNY,7.244504
29-Jun-23,USD,CNY,7.252803
30-Jun-23,USD,CNY,7.253704
1-Jul-23,USD,CNY,7.253704
2-Jul-23,USD,CNY,7.2523
3-Jul-23,USD,CNY,7.240798
4-Jul-23,USD,CNY,7.214504
5-Jul-23,USD,CNY,7.247502
6-Jul-23,USD,CNY,7.250202
7-Jul-23,USD,CNY,7.221204
8-Jul-23,USD,CNY,7.221204
9-Jul-23,USD,CNY,7.221199
10-Jul-23,USD,CNY,7.231603
11-Jul-23,USD,CNY,7.210202
12-Jul-23,USD,CNY,7.166301
13-Jul-23,USD,CNY,7.151021
14-Jul-23,USD,CNY,7.141104
15-Jul-23,USD,CNY,7.141104
16-Jul-23,USD,CNY,7.141302
17-Jul-23,USD,CNY,7.171601
18-Jul-23,USD,CNY,7.180302
19-Jul-23,USD,CNY,7.226967
20-Jul-23,USD,CNY,7.177594
21-Jul-23,USD,CNY,7.187804
22-Jul-23,USD,CNY,7.187804
23-Jul-23,USD,CNY,7.1878
24-Jul-23,USD,CNY,7.186301
25-Jul-23,USD,CNY,7.136399
26-Jul-23,USD,CNY,7.150961
27-Jul-23,USD,CNY,7.174198
28-Jul-23,USD,CNY,7.148704
29-Jul-23,USD,CNY,7.148304
30-Jul-23,USD,CNY,7.112696
31-Jul-23,USD,CNY,7.10525
1-Aug-23,USD,CNY,7.177503
2-Aug-23,USD,CNY,7.191402
3-Aug-23,USD,CNY,7.163801
4-Aug-23,USD,CNY,7.170704
5-Aug-23,USD,CNY,7.170304
6-Aug-23,USD,CNY,7.141104
7-Aug-23,USD,CNY,7.193301
8-Aug-23,USD,CNY,7.216704
9-Aug-23,USD,CNY,7.209602
10-Aug-23,USD,CNY,7.2157
11-Aug-23,USD,CNY,7.237041
12-Aug-23,USD,CNY,7.236604
13-Aug-23,USD,CNY,7.2022
14-Aug-23,USD,CNY,7.258297
15-Aug-23,USD,CNY,7.282495
16-Aug-23,USD,CNY,7.298025
17-Aug-23,USD,CNY,7.2814
18-Aug-23,USD,CNY,7.281604
19-Aug-23,USD,CNY,7.281104
20-Aug-23,USD,CNY,7.281698
21-Aug-23,USD,CNY,7.208025
22-Aug-23,USD,CNY,7.293396
23-Aug-23,USD,CNY,7.180498
24-Aug-23,USD,CNY,7.27775
25-Aug-23,USD,CNY,7.289704
26-Aug-23,USD,CNY,7.289204
27-Aug-23,USD,CNY,7.289968
28-Aug-23,USD,CNY,7.290101
29-Aug-23,USD,CNY,7.280403
30-Aug-23,USD,CNY,7.284596
31-Aug-23,USD,CNY,7.257898
1-Sep-23,USD,CNY,7.261204
2-Sep-23,USD,CNY,7.261104
3-Sep-23,USD,CNY,7.150098
4-Sep-23,USD,CNY,7.272896
5-Sep-23,USD,CNY,7.304401
6-Sep-23,USD,CNY,7.316903
7-Sep-23,USD,CNY,7.328794
8-Sep-23,USD,CNY,7.343041
9-Sep-23,USD,CNY,7.343041
10-Sep-23,USD,CNY,7.242404
11-Sep-23,USD,CNY,7.289018
12-Sep-23,USD,CNY,7.291896
13-Sep-23,USD,CNY,7.269799
14-Sep-23,USD,CNY,7.276898
15-Sep-23,USD,CNY,7.274804
16-Sep-23,USD,CNY,7.274304
17-Sep-23,USD,CNY,7.2749
18-Sep-23,USD,CNY,7.2916
19-Sep-23,USD,CNY,7.296603
20-Sep-23,USD,CNY,7.28697
21-Sep-23,USD,CNY,7.307503
22-Sep-23,USD,CNY,7.298041
23-Sep-23,USD,CNY,7.297041
24-Sep-23,USD,CNY,7.2985
25-Sep-23,USD,CNY,7.310899
26-Sep-23,USD,CNY,7.311697
27-Sep-23,USD,CNY,7.309104
28-Sep-23,USD,CNY,7.3009
29-Sep-23,USD,CNY,7.295204
30-Sep-23,USD,CNY,7.294204
1-Oct-23,USD,CNY,7.173602
2-Oct-23,USD,CNY,7.189903
3-Oct-23,USD,CNY,7.195303
4-Oct-23,USD,CNY,7.201298
5-Oct-23,USD,CNY,7.198698
6-Oct-23,USD,CNY,7.194804
7-Oct-23,USD,CNY,7.194804
8-Oct-23,USD,CNY,7.301503
9-Oct-23,USD,CNY,7.291403
10-Oct-23,USD,CNY,7.295959
11-Oct-23,USD,CNY,7.299702
12-Oct-23,USD,CNY,7.302503
13-Oct-23,USD,CNY,7.304804
14-Oct-23,USD,CNY,7.304304
15-Oct-23,USD,CNY,7.177992
16-Oct-23,USD,CNY,7.310304
17-Oct-23,USD,CNY,7.312698
18-Oct-23,USD,CNY,7.3145
19-Oct-23,USD,CNY,7.312203
20-Oct-23,USD,CNY,7.317104
21-Oct-23,USD,CNY,7.317041
22-Oct-23,USD,CNY,7.316401
23-Oct-23,USD,CNY,7.315095
24-Oct-23,USD,CNY,7.309734
25-Oct-23,USD,CNY,7.316703
26-Oct-23,USD,CNY,7.315902
27-Oct-23,USD,CNY,7.317304
28-Oct-23,USD,CNY,7.316804
29-Oct-23,USD,CNY,7.168701
30-Oct-23,USD,CNY,7.313098
31-Oct-23,USD,CNY,7.316495
1-Nov-23,USD,CNY,7.316898
2-Nov-23,USD,CNY,7.315102
3-Nov-23,USD,CNY,7.30391
4-Nov-23,USD,CNY,7.299504
5-Nov-23,USD,CNY,7.299504
6-Nov-23,USD,CNY,7.269599
7-Nov-23,USD,CNY,7.279098
8-Nov-23,USD,CNY,7.280295
9-Nov-23,USD,CNY,7.283306
10-Nov-23,USD,CNY,7.289604
11-Nov-23,USD,CNY,7.289104
12-Nov-23,USD,CNY,7.191798
13-Nov-23,USD,CNY,7.290222
14-Nov-23,USD,CNY,7.253098
15-Nov-23,USD,CNY,7.246795
16-Nov-23,USD,CNY,7.241998
17-Nov-23,USD,CNY,7.211104
18-Nov-23,USD,CNY,7.210704
19-Nov-23,USD,CNY,7.210698
20-Nov-23,USD,CNY,7.168498
21-Nov-23,USD,CNY,7.096895
22-Nov-23,USD,CNY,7.154903
23-Nov-23,USD,CNY,7.095797
24-Nov-23,USD,CNY,7.092041
25-Nov-23,USD,CNY,7.091904
26-Nov-23,USD,CNY,7.091901
27-Nov-23,USD,CNY,7.131301
28-Nov-23,USD,CNY,7.073804
29-Nov-23,USD,CNY,7.088901
30-Nov-23,USD,CNY,7.085398
1-Dec-23,USD,CNY,7.072204
2-Dec-23,USD,CNY,7.071804
3-Dec-23,USD,CNY,7.071799
4-Dec-23,USD,CNY,7.136202
5-Dec-23,USD,CNY,7.146599
6-Dec-23,USD,CNY,7.145598
7-Dec-23,USD,CNY,7.1498
8-Dec-23,USD,CNY,7.163041
9-Dec-23,USD,CNY,7.136604
10-Dec-23,USD,CNY,7.136595
11-Dec-23,USD,CNY,7.175203
12-Dec-23,USD,CNY,7.177046
13-Dec-23,USD,CNY,7.172701
14-Dec-23,USD,CNY,7.077027
15-Dec-23,USD,CNY,7.080504
16-Dec-23,USD,CNY,7.080504
17-Dec-23,USD,CNY,7.080501
18-Dec-23,USD,CNY,7.132966
19-Dec-23,USD,CNY,7.077601
20-Dec-23,USD,CNY,7.135098
21-Dec-23,USD,CNY,7.139498
22-Dec-23,USD,CNY,7.133204
23-Dec-23,USD,CNY,7.093304
24-Dec-23,USD,CNY,7.093296
25-Dec-23,USD,CNY,7.136501
26-Dec-23,USD,CNY,7.143398
27-Dec-23,USD,CNY,7.141202
28-Dec-23,USD,CNY,7.107991
29-Dec-23,USD,CNY,7.078604
30-Dec-23,USD,CNY,7.078604
31-Dec-23,USD,CNY,7.0786
1-Jan-23,USD,USD,1
2-Jan-23,USD,USD,1
3-Jan-23,USD,USD,1
4-Jan-23,USD,USD,1
5-Jan-23,USD,USD,1
6-Jan-23,USD,USD,1
7-Jan-23,USD,USD,1
8-Jan-23,USD,USD,1
9-Jan-23,USD,USD,1
10-Jan-23,USD,USD,1
11-Jan-23,USD,USD,1
12-Jan-23,USD,USD,1
13-Jan-23,USD,USD,1
14-Jan-23,USD,USD,1
15-Jan-23,USD,USD,1
16-Jan-23,USD,USD,1
17-Jan-23,USD,USD,1
18-Jan-23,USD,USD,1
19-Jan-23,USD,USD,1
20-Jan-23,USD,USD,1
21-Jan-23,USD,USD,1
22-Jan-23,USD,USD,1
23-Jan-23,USD,USD,1
24-Jan-23,USD,USD,1
25-Jan-23,USD,USD,1
26-Jan-23,USD,USD,1
27-Jan-23,USD,USD,1
28-Jan-23,USD,USD,1
29-Jan-23,USD,USD,1
30-Jan-23,USD,USD,1
31-Jan-23,USD,USD,1
1-Feb-23,USD,USD,1
2-Feb-23,USD,USD,1
3-Feb-23,USD,USD,1
4-Feb-23,USD,USD,1
5-Feb-23,USD,USD,1
6-Feb-23,USD,USD,1
7-Feb-23,USD,USD,1
8-Feb-23,USD,USD,1
9-Feb-23,USD,USD,1
10-Feb-23,USD,USD,1
11-Feb-23,USD,USD,1
12-Feb-23,USD,USD,1
13-Feb-23,USD,USD,1
14-Feb-23,USD,USD,1
15-Feb-23,USD,USD,1
16-Feb-23,USD,USD,1
17-Feb-23,USD,USD,1
18-Feb-23,USD,USD,1
19-Feb-23,USD,USD,1
20-Feb-23,USD,USD,1
21-Feb-23,USD,USD,1
22-Feb-23,USD,USD,1
23-Feb-23,USD,USD,1
24-Feb-23,USD,USD,1
25-Feb-23,USD,USD,1
26-Feb-23,USD,USD,1
27-Feb-23,USD,USD,1
28-Feb-23,USD,USD,1
1-Mar-23,USD,USD,1
2-Mar-23,USD,USD,1
3-Mar-23,USD,USD,1
4-Mar-23,USD,USD,1
5-Mar-23,USD,USD,1
6-Mar-23,USD,USD,1
7-Mar-23,USD,USD,1
8-Mar-23,USD,USD,1
9-Mar-23,USD,USD,1
10-Mar-23,USD,USD,1
11-Mar-23,USD,USD,1
12-Mar-23,USD,USD,1
13-Mar-23,USD,USD,1
14-Mar-23,USD,USD,1
15-Mar-23,USD,USD,1
16-Mar-23,USD,USD,1
17-Mar-23,USD,USD,1
18-Mar-23,USD,USD,1
19-Mar-23,USD,USD,1
20-Mar-23,USD,USD,1
21-Mar-23,USD,USD,1
22-Mar-23,USD,USD,1
23-Mar-23,USD,USD,1
24-Mar-23,USD,USD,1
25-Mar-23,USD,USD,1
26-Mar-23,USD,USD,1
27-Mar-23,USD,USD,1
28-Mar-23,USD,USD,1
29-Mar-23,USD,USD,1
30-Mar-23,USD,USD,1
31-Mar-23,USD,USD,1
1-Apr-23,USD,USD,1
2-Apr-23,USD,USD,1
3-Apr-23,USD,USD,1
4-Apr-23,USD,USD,1
5-Apr-23,USD,USD,1
6-Apr-23,USD,USD,1
7-Apr-23,USD,USD,1
8-Apr-23,USD,USD,1
9-Apr-23,USD,USD,1
10-Apr-23,USD,USD,1
11-Apr-23,USD,USD,1
12-Apr-23,USD,USD,1
13-Apr-23,USD,USD,1
14-Apr-23,USD,USD,1
15-Apr-23,USD,USD,1
16-Apr-23,USD,USD,1
17-Apr-23,USD,USD,1
18-Apr-23,USD,USD,1
19-Apr-23,USD,USD,1
20-Apr-23,USD,USD,1
21-Apr-23,USD,USD,1
22-Apr-23,USD,USD,1
23-Apr-23,USD,USD,1
24-Apr-23,USD,USD,1
25-Apr-23,USD,USD,1
26-Apr-23,USD,USD,1
27-Apr-23,USD,USD,1
28-Apr-23,USD,USD,1
29-Apr-23,USD,USD,1
30-Apr-23,USD,USD,1
1-May-23,USD,USD,1
2-May-23,USD,USD,1
3-May-23,USD,USD,1
4-May-23,USD,USD,1
5-May-23,USD,USD,1
6-May-23,USD,USD,1
7-May-23,USD,USD,1
8-May-23,USD,USD,1
9-May-23,USD,USD,1
10-May-23,USD,USD,1
11-May-23,USD,USD,1
12-May-23,USD,USD,1
13-May-23,USD,USD,1
14-May-23,USD,USD,1
15-May-23,USD,USD,1
16-May-23,USD,USD,1
17-May-23,USD,USD,1
18-May-23,USD,USD,1
19-May-23,USD,USD,1
20-May-23,USD,USD,1
21-May-23,USD,USD,1
22-May-23,USD,USD,1
23-May-23,USD,USD,1
24-May-23,USD,USD,1
25-May-23,USD,USD,1
26-May-23,USD,USD,1
27-May-23,USD,USD,1
28-May-23,USD,USD,1
29-May-23,USD,USD,1
30-May-23,USD,USD,1
31-May-23,USD,USD,1
1-Jun-23,USD,USD,1
2-Jun-23,USD,USD,1
3-Jun-23,USD,USD,1
4-Jun-23,USD,USD,1
5-Jun-23,USD,USD,1
6-Jun-23,USD,USD,1
7-Jun-23,USD,USD,1
8-Jun-23,USD,USD,1
9-Jun-23,USD,USD,1
10-Jun-23,USD,USD,1
11-Jun-23,USD,USD,1
12-Jun-23,USD,USD,1
13-Jun-23,USD,USD,1
14-Jun-23,USD,USD,1
15-Jun-23,USD,USD,1
16-Jun-23,USD,USD,1
17-Jun-23,USD,USD,1
18-Jun-23,USD,USD,1
19-Jun-23,USD,USD,1
20-Jun-23,USD,USD,1
21-Jun-23,USD,USD,1
22-Jun-23,USD,USD,1
23-Jun-23,USD,USD,1
24-Jun-23,USD,USD,1
25-Jun-23,USD,USD,1
26-Jun-23,USD,USD,1
27-Jun-23,USD,USD,1
28-Jun-23,USD,USD,1
29-Jun-23,USD,USD,1
30-Jun-23,USD,USD,1
1-Jul-23,USD,USD,1
2-Jul-23,USD,USD,1
3-Jul-23,USD,USD,1
4-Jul-23,USD,USD,1
5-Jul-23,USD,USD,1
6-Jul-23,USD,USD,1
7-Jul-23,USD,USD,1
8-Jul-23,USD,USD,1
9-Jul-23,USD,USD,1
10-Jul-23,USD,USD,1
11-Jul-23,USD,USD,1
12-Jul-23,USD,USD,1
13-Jul-23,USD,USD,1
14-Jul-23,USD,USD,1
15-Jul-23,USD,USD,1
16-Jul-23,USD,USD,1
17-Jul-23,USD,USD,1
18-Jul-23,USD,USD,1
19-Jul-23,USD,USD,1
20-Jul-23,USD,USD,1
21-Jul-23,USD,USD,1
22-Jul-23,USD,USD,1
23-Jul-23,USD,USD,1
24-Jul-23,USD,USD,1
25-Jul-23,USD,USD,1
26-Jul-23,USD,USD,1
27-Jul-23,USD,USD,1
28-Jul-23,USD,USD,1
29-Jul-23,USD,USD,1
30-Jul-23,USD,USD,1
31-Jul-23,USD,USD,1
1-Aug-23,USD,USD,1
2-Aug-23,USD,USD,1
3-Aug-23,USD,USD,1
4-Aug-23,USD,USD,1
5-Aug-23,USD,USD,1
6-Aug-23,USD,USD,1
7-Aug-23,USD,USD,1
8-Aug-23,USD,USD,1
9-Aug-23,USD,USD,1
10-Aug-23,USD,USD,1
11-Aug-23,USD,USD,1
12-Aug-23,USD,USD,1
13-Aug-23,USD,USD,1
14-Aug-23,USD,USD,1
15-Aug-23,USD,USD,1
16-Aug-23,USD,USD,1
17-Aug-23,USD,USD,1
18-Aug-23,USD,USD,1
19-Aug-23,USD,USD,1
20-Aug-23,USD,USD,1
21-Aug-23,USD,USD,1
22-Aug-23,USD,USD,1
23-Aug-23,USD,USD,1
24-Aug-23,USD,USD,1
25-Aug-23,USD,USD,1
26-Aug-23,USD,USD,1
27-Aug-23,USD,USD,1
28-Aug-23,USD,USD,1
29-Aug-23,USD,USD,1
30-Aug-23,USD,USD,1
31-Aug-23,USD,USD,1
1-Sep-23,USD,USD,1
2-Sep-23,USD,USD,1
3-Sep-23,USD,USD,1
4-Sep-23,USD,USD,1
5-Sep-23,USD,USD,1
6-Sep-23,USD,USD,1
7-Sep-23,USD,USD,1
8-Sep-23,USD,USD,1
9-Sep-23,USD,USD,1
10-Sep-23,USD,USD,1
11-Sep-23,USD,USD,1
12-Sep-23,USD,USD,1
13-Sep-23,USD,USD,1
14-Sep-23,USD,USD,1
15-Sep-23,USD,USD,1
16-Sep-23,USD,USD,1
17-Sep-23,USD,USD,1
18-Sep-23,USD,USD,1
19-Sep-23,USD,USD,1
20-Sep-23,USD,USD,1
21-Sep-23,USD,USD,1
22-Sep-23,USD,USD,1
23-Sep-23,USD,USD,1
24-Sep-23,USD,USD,1
25-Sep-23,USD,USD,1
26-Sep-23,USD,USD,1
27-Sep-23,USD,USD,1
28-Sep-23,USD,USD,1
29-Sep-23,USD,USD,1
30-Sep-23,USD,USD,1
1-Oct-23,USD,USD,1
2-Oct-23,USD,USD,1
3-Oct-23,USD,USD,1
4-Oct-23,USD,USD,1
5-Oct-23,USD,USD,1
6-Oct-23,USD,USD,1
7-Oct-23,USD,USD,1
8-Oct-23,USD,USD,1
9-Oct-23,USD,USD,1
10-Oct-23,USD,USD,1
11-Oct-23,USD,USD,1
12-Oct-23,USD,USD,1
13-Oct-23,USD,USD,1
14-Oct-23,USD,USD,1
15-Oct-23,USD,USD,1
16-Oct-23,USD,USD,1
17-Oct-23,USD,USD,1
18-Oct-23,USD,USD,1
19-Oct-23,USD,USD,1
20-Oct-23,USD,USD,1
21-Oct-23,USD,USD,1
22-Oct-23,USD,USD,1
23-Oct-23,USD,USD,1
24-Oct-23,USD,USD,1
25-Oct-23,USD,USD,1
26-Oct-23,USD,USD,1
27-Oct-23,USD,USD,1
28-Oct-23,USD,USD,1
29-Oct-23,USD,USD,1
30-Oct-23,USD,USD,1
31-Oct-23,USD,USD,1
1-Nov-23,USD,USD,1
2-Nov-23,USD,USD,1
3-Nov-23,USD,USD,1
4-Nov-23,USD,USD,1
5-Nov-23,USD,USD,1
6-Nov-23,USD,USD,1
7-Nov-23,USD,USD,1
8-Nov-23,USD,USD,1
9-Nov-23,USD,USD,1
10-Nov-23,USD,USD,1
11-Nov-23,USD,USD,1
12-Nov-23,USD,USD,1
13-Nov-23,USD,USD,1
14-Nov-23,USD,USD,1
15-Nov-23,USD,USD,1
16-Nov-23,USD,USD,1
17-Nov-23,USD,USD,1
18-Nov-23,USD,USD,1
19-Nov-23,USD,USD,1
20-Nov-23,USD,USD,1
21-Nov-23,USD,USD,1
22-Nov-23,USD,USD,1
23-Nov-23,USD,USD,1
24-Nov-23,USD,USD,1
25-Nov-23,USD,USD,1
26-Nov-23,USD,USD,1
27-Nov-23,USD,USD,1
28-Nov-23,USD,USD,1
29-Nov-23,USD,USD,1
30-Nov-23,USD,USD,1
1-Dec-23,USD,USD,1
2-Dec-23,USD,USD,1
3-Dec-23,USD,USD,1
4-Dec-23,USD,USD,1
5-Dec-23,USD,USD,1
6-Dec-23,USD,USD,1
7-Dec-23,USD,USD,1
8-Dec-23,USD,USD,1
9-Dec-23,USD,USD,1
10-Dec-23,USD,USD,1
11-Dec-23,USD,USD,1
12-Dec-23,USD,USD,1
13-Dec-23,USD,USD,1
14-Dec-23,USD,USD,1
15-Dec-23,USD,USD,1
16-Dec-23,USD,USD,1
17-Dec-23,USD,USD,1
18-Dec-23,USD,USD,1
19-Dec-23,USD,USD,1
20-Dec-23,USD,USD,1
21-Dec-23,USD,USD,1
22-Dec-23,USD,USD,1
23-Dec-23,USD,USD,1
24-Dec-23,USD,USD,1
25-Dec-23,USD,USD,1
26-Dec-23,USD,USD,1
27-Dec-23,USD,USD,1
28-Dec-23,USD,USD,1
29-Dec-23,USD,USD,1
30-Dec-23,USD,USD,1
31-Dec-23,USD,USD,1
1-Jan-24,USD,GBP,0.78568
2-Jan-24,USD,GBP,0.79224
3-Jan-24,USD,GBP,0.78905
4-Jan-24,USD,GBP,0.788435
5-Jan-24,USD,GBP,0.785769
6-Jan-24,USD,GBP,0.785855
7-Jan-24,USD,GBP,0.78642
8-Jan-24,USD,GBP,0.784715
9-Jan-24,USD,GBP,0.786775
10-Jan-24,USD,GBP,0.784655
11-Jan-24,USD,GBP,0.782655
12-Jan-24,USD,GBP,0.784375
13-Jan-24,USD,GBP,0.78456
14-Jan-24,USD,GBP,0.78518
15-Jan-24,USD,GBP,0.78655
16-Jan-24,USD,GBP,0.79128
17-Jan-24,USD,GBP,0.78887
18-Jan-24,USD,GBP,0.786835
19-Jan-24,USD,GBP,0.787154
20-Jan-24,USD,GBP,0.787154
21-Jan-24,USD,GBP,0.787525
22-Jan-24,USD,GBP,0.78705
23-Jan-24,USD,GBP,0.788005
24-Jan-24,USD,GBP,0.78622
25-Jan-24,USD,GBP,0.786935
26-Jan-24,USD,GBP,0.786844
27-Jan-24,USD,GBP,0.786844
28-Jan-24,USD,GBP,0.78759
29-Jan-24,USD,GBP,0.78663
30-Jan-24,USD,GBP,0.78772
31-Jan-24,USD,GBP,0.7888
1-Feb-24,USD,GBP,0.78453
2-Feb-24,USD,GBP,0.79164
3-Feb-24,USD,GBP,0.791578
4-Feb-24,USD,GBP,0.79213
5-Feb-24,USD,GBP,0.79784
6-Feb-24,USD,GBP,0.793365
7-Feb-24,USD,GBP,0.79198
8-Feb-24,USD,GBP,0.792415
9-Feb-24,USD,GBP,0.79225
10-Feb-24,USD,GBP,0.791828
11-Feb-24,USD,GBP,0.791355
12-Feb-24,USD,GBP,0.791995
13-Feb-24,USD,GBP,0.79425
14-Feb-24,USD,GBP,0.79569
15-Feb-24,USD,GBP,0.793749
16-Feb-24,USD,GBP,0.793525
17-Feb-24,USD,GBP,0.793525
18-Feb-24,USD,GBP,0.79299
19-Feb-24,USD,GBP,0.794485
20-Feb-24,USD,GBP,0.79202
21-Feb-24,USD,GBP,0.791298
22-Feb-24,USD,GBP,0.78969
23-Feb-24,USD,GBP,0.788706
24-Feb-24,USD,GBP,0.788706
25-Feb-24,USD,GBP,0.789135
26-Feb-24,USD,GBP,0.78825
27-Feb-24,USD,GBP,0.788585
28-Feb-24,USD,GBP,0.78989
29-Feb-24,USD,GBP,0.79208
1-Mar-24,USD,GBP,0.790077
2-Mar-24,USD,GBP,0.790077
3-Mar-24,USD,GBP,0.789903
4-Mar-24,USD,GBP,0.78795
5-Mar-24,USD,GBP,0.787125
6-Mar-24,USD,GBP,0.785245
7-Mar-24,USD,GBP,0.780401
8-Mar-24,USD,GBP,0.777907
9-Mar-24,USD,GBP,0.777726
10-Mar-24,USD,GBP,0.777925
11-Mar-24,USD,GBP,0.780068
12-Mar-24,USD,GBP,0.781535
13-Mar-24,USD,GBP,0.781155
14-Mar-24,USD,GBP,0.784605
15-Mar-24,USD,GBP,0.785361
16-Mar-24,USD,GBP,0.785484
17-Mar-24,USD,GBP,0.785491
18-Mar-24,USD,GBP,0.785755
19-Mar-24,USD,GBP,0.786251
20-Mar-24,USD,GBP,0.78138
21-Mar-24,USD,GBP,0.789855
22-Mar-24,USD,GBP,0.793588
23-Mar-24,USD,GBP,0.793588
24-Mar-24,USD,GBP,0.79377
25-Mar-24,USD,GBP,0.79131
26-Mar-24,USD,GBP,0.79189
27-Mar-24,USD,GBP,0.79265
28-Mar-24,USD,GBP,0.79205
29-Mar-24,USD,GBP,0.792016
30-Mar-24,USD,GBP,0.792016
31-Mar-24,USD,GBP,0.79134
1-Apr-24,USD,GBP,0.79715
2-Apr-24,USD,GBP,0.79514
3-Apr-24,USD,GBP,0.79035
4-Apr-24,USD,GBP,0.791149
5-Apr-24,USD,GBP,0.791202
6-Apr-24,USD,GBP,0.791264
7-Apr-24,USD,GBP,0.792101
8-Apr-24,USD,GBP,0.79006
9-Apr-24,USD,GBP,0.78883
10-Apr-24,USD,GBP,0.79765
11-Apr-24,USD,GBP,0.79654
12-Apr-24,USD,GBP,0.80285
13-Apr-24,USD,GBP,0.802762
14-Apr-24,USD,GBP,0.80248
15-Apr-24,USD,GBP,0.80341
16-Apr-24,USD,GBP,0.80451
17-Apr-24,USD,GBP,0.803021
18-Apr-24,USD,GBP,0.80411
19-Apr-24,USD,GBP,0.808507
20-Apr-24,USD,GBP,0.808473
21-Apr-24,USD,GBP,0.80807
22-Apr-24,USD,GBP,0.809749
23-Apr-24,USD,GBP,0.803045
24-Apr-24,USD,GBP,0.802699
25-Apr-24,USD,GBP,0.79946
26-Apr-24,USD,GBP,0.800769
27-Apr-24,USD,GBP,0.799877
28-Apr-24,USD,GBP,0.79942
29-Apr-24,USD,GBP,0.79622
30-Apr-24,USD,GBP,0.80066
1-May-24,USD,GBP,0.79753
2-May-24,USD,GBP,0.797461
3-May-24,USD,GBP,0.79694
4-May-24,USD,GBP,0.79694
5-May-24,USD,GBP,0.79741
6-May-24,USD,GBP,0.79622
7-May-24,USD,GBP,0.79994
8-May-24,USD,GBP,0.80046
9-May-24,USD,GBP,0.798401
10-May-24,USD,GBP,0.798467
11-May-24,USD,GBP,0.801635
12-May-24,USD,GBP,0.79857
13-May-24,USD,GBP,0.796098
14-May-24,USD,GBP,0.79461
15-May-24,USD,GBP,0.78805
16-May-24,USD,GBP,0.789185
17-May-24,USD,GBP,0.787278
18-May-24,USD,GBP,0.789609
19-May-24,USD,GBP,0.78703
20-May-24,USD,GBP,0.786805
21-May-24,USD,GBP,0.78673
22-May-24,USD,GBP,0.78615
23-May-24,USD,GBP,0.7878
24-May-24,USD,GBP,0.784868
25-May-24,USD,GBP,0.789609
26-May-24,USD,GBP,0.785202
27-May-24,USD,GBP,0.78297
28-May-24,USD,GBP,0.78385
29-May-24,USD,GBP,0.787554
30-May-24,USD,GBP,0.785625
31-May-24,USD,GBP,0.78515
1-Jun-24,USD,GBP,0.785114
2-Jun-24,USD,GBP,0.78467
3-Jun-24,USD,GBP,0.780655
4-Jun-24,USD,GBP,0.78295
5-Jun-24,USD,GBP,0.78165
6-Jun-24,USD,GBP,0.781745
7-Jun-24,USD,GBP,0.785608
8-Jun-24,USD,GBP,0.787371
9-Jun-24,USD,GBP,0.78561
10-Jun-24,USD,GBP,0.785795
11-Jun-24,USD,GBP,0.78494
12-Jun-24,USD,GBP,0.781505
13-Jun-24,USD,GBP,0.78405
14-Jun-24,USD,GBP,0.789141
15-Jun-24,USD,GBP,0.789921
16-Jun-24,USD,GBP,0.78849
17-Jun-24,USD,GBP,0.786473
18-Jun-24,USD,GBP,0.786895
19-Jun-24,USD,GBP,0.786135
20-Jun-24,USD,GBP,0.78995
21-Jun-24,USD,GBP,0.790451
22-Jun-24,USD,GBP,0.790295
23-Jun-24,USD,GBP,0.79125
24-Jun-24,USD,GBP,0.788505
25-Jun-24,USD,GBP,0.788457
26-Jun-24,USD,GBP,0.79231
27-Jun-24,USD,GBP,0.79081
28-Jun-24,USD,GBP,0.790576
29-Jun-24,USD,GBP,0.790576
30-Jun-24,USD,GBP,0.79063
1-Jul-24,USD,GBP,0.79075
2-Jul-24,USD,GBP,0.78805
3-Jul-24,USD,GBP,0.784535
4-Jul-24,USD,GBP,0.78405
5-Jul-24,USD,GBP,0.780457
6-Jul-24,USD,GBP,0.781525
7-Jul-24,USD,GBP,0.780815
8-Jul-24,USD,GBP,0.780305
9-Jul-24,USD,GBP,0.78205
10-Jul-24,USD,GBP,0.778075
11-Jul-24,USD,GBP,0.77387
12-Jul-24,USD,GBP,0.770475
13-Jul-24,USD,GBP,0.787309
14-Jul-24,USD,GBP,0.77125
15-Jul-24,USD,GBP,0.77105
16-Jul-24,USD,GBP,0.770594
17-Jul-24,USD,GBP,0.76882
18-Jul-24,USD,GBP,0.77215
19-Jul-24,USD,GBP,0.77439
20-Jul-24,USD,GBP,0.774174
21-Jul-24,USD,GBP,0.773255
22-Jul-24,USD,GBP,0.77329
23-Jul-24,USD,GBP,0.775135
24-Jul-24,USD,GBP,0.77523
25-Jul-24,USD,GBP,0.77785
26-Jul-24,USD,GBP,0.777122
27-Jul-24,USD,GBP,0.777877
28-Jul-24,USD,GBP,0.77715
29-Jul-24,USD,GBP,0.777595
30-Jul-24,USD,GBP,0.77905
31-Jul-24,USD,GBP,0.77805
1-Aug-24,USD,GBP,0.785641
2-Aug-24,USD,GBP,0.780853
3-Aug-24,USD,GBP,0.780853
4-Aug-24,USD,GBP,0.78202
5-Aug-24,USD,GBP,0.78197
6-Aug-24,USD,GBP,0.788545
7-Aug-24,USD,GBP,0.788745
8-Aug-24,USD,GBP,0.7845
9-Aug-24,USD,GBP,0.785546
10-Aug-24,USD,GBP,0.783853
11-Aug-24,USD,GBP,0.78434
12-Aug-24,USD,GBP,0.78306
13-Aug-24,USD,GBP,0.777235
14-Aug-24,USD,GBP,0.779601
15-Aug-24,USD,GBP,0.77765
16-Aug-24,USD,GBP,0.772082
17-Aug-24,USD,GBP,0.772589
18-Aug-24,USD,GBP,0.772495
19-Aug-24,USD,GBP,0.76985
20-Aug-24,USD,GBP,0.767215
21-Aug-24,USD,GBP,0.76385
22-Aug-24,USD,GBP,0.763545
23-Aug-24,USD,GBP,0.75683
24-Aug-24,USD,GBP,0.756573
25-Aug-24,USD,GBP,0.756895
26-Aug-24,USD,GBP,0.758075
27-Aug-24,USD,GBP,0.75436
28-Aug-24,USD,GBP,0.75798
29-Aug-24,USD,GBP,0.75955
30-Aug-24,USD,GBP,0.761673
31-Aug-24,USD,GBP,0.761586
1-Sep-24,USD,GBP,0.76175
2-Sep-24,USD,GBP,0.760955
3-Sep-24,USD,GBP,0.762585
4-Sep-24,USD,GBP,0.76079
5-Sep-24,USD,GBP,0.758905
6-Sep-24,USD,GBP,0.761739
7-Sep-24,USD,GBP,0.761528
8-Sep-24,USD,GBP,0.761475
9-Sep-24,USD,GBP,0.76515
10-Sep-24,USD,GBP,0.76453
11-Sep-24,USD,GBP,0.76695
12-Sep-24,USD,GBP,0.76152
13-Sep-24,USD,GBP,0.76195
14-Sep-24,USD,GBP,0.761992
15-Sep-24,USD,GBP,0.761209
16-Sep-24,USD,GBP,0.757015
17-Sep-24,USD,GBP,0.759475
18-Sep-24,USD,GBP,0.757535
19-Sep-24,USD,GBP,0.753045
20-Sep-24,USD,GBP,0.75092
21-Sep-24,USD,GBP,0.75092
22-Sep-24,USD,GBP,0.751125
23-Sep-24,USD,GBP,0.749095
24-Sep-24,USD,GBP,0.74479
25-Sep-24,USD,GBP,0.75101
26-Sep-24,USD,GBP,0.74574
27-Sep-24,USD,GBP,0.747943
28-Sep-24,USD,GBP,0.747887
29-Sep-24,USD,GBP,0.747235
30-Sep-24,USD,GBP,0.747635
1-Oct-24,USD,GBP,0.753445
2-Oct-24,USD,GBP,0.75385
3-Oct-24,USD,GBP,0.761519
4-Oct-24,USD,GBP,0.761905
5-Oct-24,USD,GBP,0.762108
6-Oct-24,USD,GBP,0.76194
7-Oct-24,USD,GBP,0.764298
8-Oct-24,USD,GBP,0.763703
9-Oct-24,USD,GBP,0.765255
10-Oct-24,USD,GBP,0.765685
11-Oct-24,USD,GBP,0.765035
12-Oct-24,USD,GBP,0.765169
13-Oct-24,USD,GBP,0.76638
14-Oct-24,USD,GBP,0.765355
15-Oct-24,USD,GBP,0.765375
16-Oct-24,USD,GBP,0.769855
17-Oct-24,USD,GBP,0.76825
18-Oct-24,USD,GBP,0.766093
19-Oct-24,USD,GBP,0.766093
20-Oct-24,USD,GBP,0.76629
21-Oct-24,USD,GBP,0.770285
22-Oct-24,USD,GBP,0.770275
23-Oct-24,USD,GBP,0.774395
24-Oct-24,USD,GBP,0.77098
25-Oct-24,USD,GBP,0.771486
26-Oct-24,USD,GBP,0.771545
27-Oct-24,USD,GBP,0.77175
28-Oct-24,USD,GBP,0.77083
29-Oct-24,USD,GBP,0.76845
30-Oct-24,USD,GBP,0.77168
31-Oct-24,USD,GBP,0.77545
1-Nov-24,USD,GBP,0.77365
2-Nov-24,USD,GBP,0.773964
3-Nov-24,USD,GBP,0.771945
4-Nov-24,USD,GBP,0.771899
5-Nov-24,USD,GBP,0.76674
6-Nov-24,USD,GBP,0.776225
7-Nov-24,USD,GBP,0.770335
8-Nov-24,USD,GBP,0.774114
9-Nov-24,USD,GBP,0.774144
10-Nov-24,USD,GBP,0.77421
11-Nov-24,USD,GBP,0.77675
12-Nov-24,USD,GBP,0.78508
13-Nov-24,USD,GBP,0.78701
14-Nov-24,USD,GBP,0.78965
15-Nov-24,USD,GBP,0.792644
16-Nov-24,USD,GBP,0.792519
17-Nov-24,USD,GBP,0.79257
18-Nov-24,USD,GBP,0.78874
19-Nov-24,USD,GBP,0.787806
20-Nov-24,USD,GBP,0.790285
21-Nov-24,USD,GBP,0.794655
22-Nov-24,USD,GBP,0.798085
23-Nov-24,USD,GBP,0.798053
24-Nov-24,USD,GBP,0.794198
25-Nov-24,USD,GBP,0.797204
26-Nov-24,USD,GBP,0.79535
27-Nov-24,USD,GBP,0.788835
28-Nov-24,USD,GBP,0.787696
29-Nov-24,USD,GBP,0.785423
30-Nov-24,USD,GBP,0.785136
1-Dec-24,USD,GBP,0.78736
2-Dec-24,USD,GBP,0.789933
3-Dec-24,USD,GBP,0.789032
4-Dec-24,USD,GBP,0.787383
5-Dec-24,USD,GBP,0.783739
6-Dec-24,USD,GBP,0.784757
7-Dec-24,USD,GBP,0.784757
8-Dec-24,USD,GBP,0.784409
9-Dec-24,USD,GBP,0.7844
10-Dec-24,USD,GBP,0.782505
11-Dec-24,USD,GBP,0.783361
12-Dec-24,USD,GBP,0.788855
13-Dec-24,USD,GBP,0.792581
14-Dec-24,USD,GBP,0.792173
15-Dec-24,USD,GBP,0.791935
16-Dec-24,USD,GBP,0.787972
17-Dec-24,USD,GBP,0.78676
18-Dec-24,USD,GBP,0.795763
19-Dec-24,USD,GBP,0.800179
20-Dec-24,USD,GBP,0.795485
21-Dec-24,USD,GBP,0.795767
22-Dec-24,USD,GBP,0.795595
23-Dec-24,USD,GBP,0.797865
24-Dec-24,USD,GBP,0.797749
25-Dec-24,USD,GBP,0.79726
26-Dec-24,USD,GBP,0.79815
27-Dec-24,USD,GBP,0.795418
28-Dec-24,USD,GBP,0.795418
29-Dec-24,USD,GBP,0.795026
30-Dec-24,USD,GBP,0.796925
31-Dec-24,USD,GBP,0.796925
1-Jan-24,USD,EUR,0.905987
2-Jan-24,USD,EUR,0.91396
3-Jan-24,USD,EUR,0.9152
4-Jan-24,USD,EUR,0.913505
5-Jan-24,USD,EUR,0.91285
6-Jan-24,USD,EUR,0.91285
7-Jan-24,USD,EUR,0.913925
8-Jan-24,USD,EUR,0.913202
9-Jan-24,USD,EUR,0.914805
10-Jan-24,USD,EUR,0.911195
11-Jan-24,USD,EUR,0.910645
12-Jan-24,USD,EUR,0.912204
13-Jan-24,USD,EUR,0.912204
14-Jan-24,USD,EUR,0.913645
15-Jan-24,USD,EUR,0.91362
16-Jan-24,USD,EUR,0.91926
17-Jan-24,USD,EUR,0.91868
18-Jan-24,USD,EUR,0.91923
19-Jan-24,USD,EUR,0.916204
20-Jan-24,USD,EUR,0.916204
21-Jan-24,USD,EUR,0.91815
22-Jan-24,USD,EUR,0.91935
23-Jan-24,USD,EUR,0.921085
24-Jan-24,USD,EUR,0.918965
25-Jan-24,USD,EUR,0.92195
26-Jan-24,USD,EUR,0.920504
27-Jan-24,USD,EUR,0.920504
28-Jan-24,USD,EUR,0.922255
29-Jan-24,USD,EUR,0.923025
30-Jan-24,USD,EUR,0.922245
31-Jan-24,USD,EUR,0.925635
1-Feb-24,USD,EUR,0.919595
2-Feb-24,USD,EUR,0.92535
3-Feb-24,USD,EUR,0.92535
4-Feb-24,USD,EUR,0.927635
5-Feb-24,USD,EUR,0.930975
6-Feb-24,USD,EUR,0.92966
7-Feb-24,USD,EUR,0.928055
8-Feb-24,USD,EUR,0.927925
9-Feb-24,USD,EUR,0.92725
10-Feb-24,USD,EUR,0.92725
11-Feb-24,USD,EUR,0.926105
12-Feb-24,USD,EUR,0.92835
13-Feb-24,USD,EUR,0.93375
14-Feb-24,USD,EUR,0.931815
15-Feb-24,USD,EUR,0.928215
16-Feb-24,USD,EUR,0.92785
17-Feb-24,USD,EUR,0.92785
18-Feb-24,USD,EUR,0.927245
19-Feb-24,USD,EUR,0.928075
20-Feb-24,USD,EUR,0.92495
21-Feb-24,USD,EUR,0.92422
22-Feb-24,USD,EUR,0.92377
23-Feb-24,USD,EUR,0.92305
24-Feb-24,USD,EUR,0.92305
25-Feb-24,USD,EUR,0.924245
26-Feb-24,USD,EUR,0.92161
27-Feb-24,USD,EUR,0.922201
28-Feb-24,USD,EUR,0.922685
29-Feb-24,USD,EUR,0.925545
1-Mar-24,USD,EUR,0.921604
2-Mar-24,USD,EUR,0.921604
3-Mar-24,USD,EUR,0.92232
4-Mar-24,USD,EUR,0.921265
5-Mar-24,USD,EUR,0.921165
6-Mar-24,USD,EUR,0.917515
7-Mar-24,USD,EUR,0.913255
8-Mar-24,USD,EUR,0.913704
9-Mar-24,USD,EUR,0.913704
10-Mar-24,USD,EUR,0.913855
11-Mar-24,USD,EUR,0.914835
12-Mar-24,USD,EUR,0.915125
13-Mar-24,USD,EUR,0.91295
14-Mar-24,USD,EUR,0.918855
15-Mar-24,USD,EUR,0.91755
16-Mar-24,USD,EUR,0.91755
17-Mar-24,USD,EUR,0.91892
18-Mar-24,USD,EUR,0.91967
19-Mar-24,USD,EUR,0.920555
20-Mar-24,USD,EUR,0.914335
21-Mar-24,USD,EUR,0.920645
22-Mar-24,USD,EUR,0.920504
23-Mar-24,USD,EUR,0.920504
24-Mar-24,USD,EUR,0.92529
25-Mar-24,USD,EUR,0.92268
26-Mar-24,USD,EUR,0.923185
27-Mar-24,USD,EUR,0.924805
28-Mar-24,USD,EUR,0.92655
29-Mar-24,USD,EUR,0.92595
30-Mar-24,USD,EUR,0.92595
31-Mar-24,USD,EUR,0.92657
1-Apr-24,USD,EUR,0.93136
2-Apr-24,USD,EUR,0.928665
3-Apr-24,USD,EUR,0.922655
4-Apr-24,USD,EUR,0.922802
5-Apr-24,USD,EUR,0.92185
6-Apr-24,USD,EUR,0.92185
7-Apr-24,USD,EUR,0.92334
8-Apr-24,USD,EUR,0.920602
9-Apr-24,USD,EUR,0.92093
10-Apr-24,USD,EUR,0.930985
11-Apr-24,USD,EUR,0.932275
12-Apr-24,USD,EUR,0.93715
13-Apr-24,USD,EUR,0.93715
14-Apr-24,USD,EUR,0.939099
15-Apr-24,USD,EUR,0.941135
16-Apr-24,USD,EUR,0.941502
17-Apr-24,USD,EUR,0.937285
18-Apr-24,USD,EUR,0.939515
19-Apr-24,USD,EUR,0.937504
20-Apr-24,USD,EUR,0.937504
21-Apr-24,USD,EUR,0.93826
22-Apr-24,USD,EUR,0.93863
23-Apr-24,USD,EUR,0.93435
24-Apr-24,USD,EUR,0.934625
25-Apr-24,USD,EUR,0.9321
26-Apr-24,USD,EUR,0.93435
27-Apr-24,USD,EUR,0.93435
28-Apr-24,USD,EUR,0.93401
29-Apr-24,USD,EUR,0.933235
30-Apr-24,USD,EUR,0.937535
1-May-24,USD,EUR,0.93285
2-May-24,USD,EUR,0.93185
3-May-24,USD,EUR,0.92835
4-May-24,USD,EUR,0.92835
5-May-24,USD,EUR,0.929555
6-May-24,USD,EUR,0.92874
7-May-24,USD,EUR,0.930195
8-May-24,USD,EUR,0.930525
9-May-24,USD,EUR,0.92735
10-May-24,USD,EUR,0.92704
11-May-24,USD,EUR,0.92704
12-May-24,USD,EUR,0.92849
13-May-24,USD,EUR,0.926499
14-May-24,USD,EUR,0.924701
15-May-24,USD,EUR,0.918325
16-May-24,USD,EUR,0.92017
17-May-24,USD,EUR,0.917904
18-May-24,USD,EUR,0.917904
19-May-24,USD,EUR,0.91965
20-May-24,USD,EUR,0.920775
21-May-24,USD,EUR,0.921245
22-May-24,USD,EUR,0.923795
23-May-24,USD,EUR,0.92487
24-May-24,USD,EUR,0.92125
25-May-24,USD,EUR,0.92125
26-May-24,USD,EUR,0.92188
27-May-24,USD,EUR,0.920685
28-May-24,USD,EUR,0.92152
29-May-24,USD,EUR,0.92579
30-May-24,USD,EUR,0.92305
31-May-24,USD,EUR,0.921104
1-Jun-24,USD,EUR,0.921104
2-Jun-24,USD,EUR,0.921435
3-Jun-24,USD,EUR,0.91683
4-Jun-24,USD,EUR,0.918985
5-Jun-24,USD,EUR,0.91962
6-Jun-24,USD,EUR,0.91805
7-Jun-24,USD,EUR,0.924704
8-Jun-24,USD,EUR,0.924704
9-Jun-24,USD,EUR,0.927775
10-Jun-24,USD,EUR,0.92915
11-Jun-24,USD,EUR,0.93109
12-Jun-24,USD,EUR,0.92482
13-Jun-24,USD,EUR,0.931296
14-Jun-24,USD,EUR,0.93285
15-Jun-24,USD,EUR,0.93285
16-Jun-24,USD,EUR,0.934415
17-Jun-24,USD,EUR,0.931065
18-Jun-24,USD,EUR,0.93105
19-Jun-24,USD,EUR,0.93025
20-Jun-24,USD,EUR,0.93397
21-Jun-24,USD,EUR,0.93425
22-Jun-24,USD,EUR,0.93425
23-Jun-24,USD,EUR,0.935675
24-Jun-24,USD,EUR,0.93175
25-Jun-24,USD,EUR,0.933765
26-Jun-24,USD,EUR,0.93634
27-Jun-24,USD,EUR,0.933865
28-Jun-24,USD,EUR,0.93285
29-Jun-24,USD,EUR,0.93285
30-Jun-24,USD,EUR,0.93153
1-Jul-24,USD,EUR,0.931405
2-Jul-24,USD,EUR,0.93039
3-Jul-24,USD,EUR,0.92665
4-Jul-24,USD,EUR,0.92502
5-Jul-24,USD,EUR,0.92135
6-Jul-24,USD,EUR,0.92135
7-Jul-24,USD,EUR,0.923635
8-Jul-24,USD,EUR,0.92329
9-Jul-24,USD,EUR,0.924685
10-Jul-24,USD,EUR,0.9231
11-Jul-24,USD,EUR,0.91975
12-Jul-24,USD,EUR,0.915704
13-Jul-24,USD,EUR,0.915704
14-Jul-24,USD,EUR,0.91867
15-Jul-24,USD,EUR,0.91745
16-Jul-24,USD,EUR,0.917245
17-Jul-24,USD,EUR,0.914095
18-Jul-24,USD,EUR,0.91732
19-Jul-24,USD,EUR,0.91805
20-Jul-24,USD,EUR,0.91805
21-Jul-24,USD,EUR,0.917525
22-Jul-24,USD,EUR,0.91831
23-Jul-24,USD,EUR,0.921697
24-Jul-24,USD,EUR,0.922585
25-Jul-24,USD,EUR,0.92157
26-Jul-24,USD,EUR,0.91975
27-Jul-24,USD,EUR,0.91975
28-Jul-24,USD,EUR,0.921375
29-Jul-24,USD,EUR,0.924205
30-Jul-24,USD,EUR,0.92457
31-Jul-24,USD,EUR,0.923898
1-Aug-24,USD,EUR,0.92703
2-Aug-24,USD,EUR,0.915704
3-Aug-24,USD,EUR,0.915704
4-Aug-24,USD,EUR,0.91656
5-Aug-24,USD,EUR,0.913215
6-Aug-24,USD,EUR,0.915415
7-Aug-24,USD,EUR,0.915095
8-Aug-24,USD,EUR,0.916135
9-Aug-24,USD,EUR,0.91555
10-Aug-24,USD,EUR,0.91555
11-Aug-24,USD,EUR,0.916305
12-Aug-24,USD,EUR,0.914415
13-Aug-24,USD,EUR,0.909385
14-Aug-24,USD,EUR,0.90815
15-Aug-24,USD,EUR,0.911295
16-Aug-24,USD,EUR,0.90625
17-Aug-24,USD,EUR,0.90625
18-Aug-24,USD,EUR,0.907085
19-Aug-24,USD,EUR,0.902096
20-Aug-24,USD,EUR,0.898665
21-Aug-24,USD,EUR,0.896565
22-Aug-24,USD,EUR,0.899555
23-Aug-24,USD,EUR,0.89225
24-Aug-24,USD,EUR,0.89225
25-Aug-24,USD,EUR,0.89385
26-Aug-24,USD,EUR,0.895705
27-Aug-24,USD,EUR,0.89465
28-Aug-24,USD,EUR,0.898965
29-Aug-24,USD,EUR,0.902585
30-Aug-24,USD,EUR,0.904104
31-Aug-24,USD,EUR,0.904104
1-Sep-24,USD,EUR,0.90542
2-Sep-24,USD,EUR,0.903571
3-Sep-24,USD,EUR,0.905085
4-Sep-24,USD,EUR,0.902425
5-Sep-24,USD,EUR,0.900025
6-Sep-24,USD,EUR,0.901504
7-Sep-24,USD,EUR,0.901504
8-Sep-24,USD,EUR,0.901965
9-Sep-24,USD,EUR,0.90619
10-Sep-24,USD,EUR,0.907475
11-Sep-24,USD,EUR,0.90821
12-Sep-24,USD,EUR,0.902725
13-Sep-24,USD,EUR,0.90215
14-Sep-24,USD,EUR,0.90215
15-Sep-24,USD,EUR,0.90187
16-Sep-24,USD,EUR,0.89852
17-Sep-24,USD,EUR,0.89906
18-Sep-24,USD,EUR,0.899799
19-Sep-24,USD,EUR,0.89614
20-Sep-24,USD,EUR,0.894904
21-Sep-24,USD,EUR,0.894904
22-Sep-24,USD,EUR,0.896035
23-Sep-24,USD,EUR,0.89998
24-Sep-24,USD,EUR,0.89358
25-Sep-24,USD,EUR,0.89842
26-Sep-24,USD,EUR,0.89477
27-Sep-24,USD,EUR,0.895404
28-Sep-24,USD,EUR,0.895404
29-Sep-24,USD,EUR,0.895305
30-Sep-24,USD,EUR,0.89796
1-Oct-24,USD,EUR,0.90386
2-Oct-24,USD,EUR,0.905198
3-Oct-24,USD,EUR,0.906075
4-Oct-24,USD,EUR,0.910604
5-Oct-24,USD,EUR,0.910604
6-Oct-24,USD,EUR,0.91135
7-Oct-24,USD,EUR,0.911196
8-Oct-24,USD,EUR,0.91112
9-Oct-24,USD,EUR,0.91395
10-Oct-24,USD,EUR,0.91462
11-Oct-24,USD,EUR,0.91335
12-Oct-24,USD,EUR,0.91335
13-Oct-24,USD,EUR,0.91545
14-Oct-24,USD,EUR,0.91668
15-Oct-24,USD,EUR,0.91879
16-Oct-24,USD,EUR,0.92075
17-Oct-24,USD,EUR,0.92344
18-Oct-24,USD,EUR,0.919604
19-Oct-24,USD,EUR,0.919604
20-Oct-24,USD,EUR,0.92018
21-Oct-24,USD,EUR,0.924503
22-Oct-24,USD,EUR,0.92618
23-Oct-24,USD,EUR,0.92763
24-Oct-24,USD,EUR,0.92385
25-Oct-24,USD,EUR,0.92595
26-Oct-24,USD,EUR,0.92595
27-Oct-24,USD,EUR,0.92625
28-Oct-24,USD,EUR,0.92452
29-Oct-24,USD,EUR,0.92418
30-Oct-24,USD,EUR,0.92091
31-Oct-24,USD,EUR,0.918797
1-Nov-24,USD,EUR,0.91905
2-Nov-24,USD,EUR,0.91905
3-Nov-24,USD,EUR,0.91962
4-Nov-24,USD,EUR,0.919602
5-Nov-24,USD,EUR,0.91469
6-Nov-24,USD,EUR,0.93177
7-Nov-24,USD,EUR,0.92637
8-Nov-24,USD,EUR,0.932604
9-Nov-24,USD,EUR,0.932604
10-Nov-24,USD,EUR,0.93331
11-Nov-24,USD,EUR,0.93785
12-Nov-24,USD,EUR,0.94193
13-Nov-24,USD,EUR,0.94662
14-Nov-24,USD,EUR,0.94989
15-Nov-24,USD,EUR,0.94835
16-Nov-24,USD,EUR,0.94835
17-Nov-24,USD,EUR,0.949355
18-Nov-24,USD,EUR,0.943815
19-Nov-24,USD,EUR,0.942845
20-Nov-24,USD,EUR,0.948245
21-Nov-24,USD,EUR,0.955215
22-Nov-24,USD,EUR,0.95985
23-Nov-24,USD,EUR,0.95985
24-Nov-24,USD,EUR,0.954475
25-Nov-24,USD,EUR,0.955835
26-Nov-24,USD,EUR,0.953215
27-Nov-24,USD,EUR,0.946755
28-Nov-24,USD,EUR,0.946849
29-Nov-24,USD,EUR,0.94525
30-Nov-24,USD,EUR,0.94525
1-Dec-24,USD,EUR,0.94838
2-Dec-24,USD,EUR,0.952325
3-Dec-24,USD,EUR,0.951455
4-Dec-24,USD,EUR,0.95125
5-Dec-24,USD,EUR,0.944705
6-Dec-24,USD,EUR,0.94555
7-Dec-24,USD,EUR,0.94555
8-Dec-24,USD,EUR,0.946505
9-Dec-24,USD,EUR,0.947425
10-Dec-24,USD,EUR,0.94955
11-Dec-24,USD,EUR,0.951815
12-Dec-24,USD,EUR,0.954785
13-Dec-24,USD,EUR,0.95195
14-Dec-24,USD,EUR,0.95195
15-Dec-24,USD,EUR,0.951515
16-Dec-24,USD,EUR,0.950855
17-Dec-24,USD,EUR,0.952855
18-Dec-24,USD,EUR,0.966195
19-Dec-24,USD,EUR,0.964835
20-Dec-24,USD,EUR,0.95875
21-Dec-24,USD,EUR,0.95875
22-Dec-24,USD,EUR,0.958525
23-Dec-24,USD,EUR,0.96115
24-Dec-24,USD,EUR,0.961402
25-Dec-24,USD,EUR,0.961645
26-Dec-24,USD,EUR,0.95955
27-Dec-24,USD,EUR,0.958904
28-Dec-24,USD,EUR,0.958904
29-Dec-24,USD,EUR,0.958865
30-Dec-24,USD,EUR,0.961015
31-Dec-24,USD,EUR,0.961015
1-Jan-24,USD,PKR,278.980852
2-Jan-24,USD,PKR,281.950354
3-Jan-24,USD,PKR,281.950487
4-Jan-24,USD,PKR,281.698106
5-Jan-24,USD,PKR,281.503704
6-Jan-24,USD,PKR,276.907332
7-Jan-24,USD,PKR,277.248881
8-Jan-24,USD,PKR,281.350167
9-Jan-24,USD,PKR,281.216932
10-Jan-24,USD,PKR,281.375045
11-Jan-24,USD,PKR,281.139661
12-Jan-24,USD,PKR,280.515038
13-Jan-24,USD,PKR,276.851945
14-Jan-24,USD,PKR,276.851945
15-Jan-24,USD,PKR,279.966048
16-Jan-24,USD,PKR,280.636451
17-Jan-24,USD,PKR,279.849642
18-Jan-24,USD,PKR,279.850169
19-Jan-24,USD,PKR,280.103704
20-Jan-24,USD,PKR,279.181989
21-Jan-24,USD,PKR,279.68676
22-Jan-24,USD,PKR,279.725047
23-Jan-24,USD,PKR,279.800677
24-Jan-24,USD,PKR,279.94987
25-Jan-24,USD,PKR,280.075036
26-Jan-24,USD,PKR,279.750375
27-Jan-24,USD,PKR,279.807354
28-Jan-24,USD,PKR,279.807354
29-Jan-24,USD,PKR,279.698376
30-Jan-24,USD,PKR,279.506597
31-Jan-24,USD,PKR,279.569788
1-Feb-24,USD,PKR,279.589626
2-Feb-24,USD,PKR,279.650375
3-Feb-24,USD,PKR,279.650375
4-Feb-24,USD,PKR,279.388865
5-Feb-24,USD,PKR,277.315957
6-Feb-24,USD,PKR,279.599239
7-Feb-24,USD,PKR,279.450344
8-Feb-24,USD,PKR,279.34996
9-Feb-24,USD,PKR,279.403704
10-Feb-24,USD,PKR,276.493438
11-Feb-24,USD,PKR,276.493438
12-Feb-24,USD,PKR,279.492473
13-Feb-24,USD,PKR,279.399662
14-Feb-24,USD,PKR,279.502851
15-Feb-24,USD,PKR,279.574997
16-Feb-24,USD,PKR,279.503704
17-Feb-24,USD,PKR,279.256507
18-Feb-24,USD,PKR,279.256507
19-Feb-24,USD,PKR,276.8038
20-Feb-24,USD,PKR,279.749968
21-Feb-24,USD,PKR,279.470907
22-Feb-24,USD,PKR,279.724977
23-Feb-24,USD,PKR,279.725038
24-Feb-24,USD,PKR,279.13007
25-Feb-24,USD,PKR,279.13007
26-Feb-24,USD,PKR,279.1934
27-Feb-24,USD,PKR,279.50389
28-Feb-24,USD,PKR,278.553199
29-Feb-24,USD,PKR,279.25054
1-Mar-24,USD,PKR,279.503704
2-Mar-24,USD,PKR,278.330278
3-Mar-24,USD,PKR,278.330278
4-Mar-24,USD,PKR,279.447774
5-Mar-24,USD,PKR,279.39064
6-Mar-24,USD,PKR,279.498567
7-Mar-24,USD,PKR,278.02123
8-Mar-24,USD,PKR,279.150375
9-Mar-24,USD,PKR,278.919465
10-Mar-24,USD,PKR,278.919465
11-Mar-24,USD,PKR,279.202739
12-Mar-24,USD,PKR,279.150416
13-Mar-24,USD,PKR,278.949737
14-Mar-24,USD,PKR,278.950061
15-Mar-24,USD,PKR,278.875038
16-Mar-24,USD,PKR,279.483403
17-Mar-24,USD,PKR,279.470572
18-Mar-24,USD,PKR,278.646549
19-Mar-24,USD,PKR,278.704623
20-Mar-24,USD,PKR,278.501322
21-Mar-24,USD,PKR,278.32397
22-Mar-24,USD,PKR,278.250374
23-Mar-24,USD,PKR,277.854112
24-Mar-24,USD,PKR,277.854112
25-Mar-24,USD,PKR,278.25012
26-Mar-24,USD,PKR,277.749933
27-Mar-24,USD,PKR,277.949887
28-Mar-24,USD,PKR,277.95061
29-Mar-24,USD,PKR,277.903701
30-Mar-24,USD,PKR,277.583299
31-Mar-24,USD,PKR,277.583299
1-Apr-24,USD,PKR,277.902547
2-Apr-24,USD,PKR,277.832749
3-Apr-24,USD,PKR,277.895602
4-Apr-24,USD,PKR,277.897323
5-Apr-24,USD,PKR,277.540716
6-Apr-24,USD,PKR,277.540716
7-Apr-24,USD,PKR,277.783948
8-Apr-24,USD,PKR,277.502566
9-Apr-24,USD,PKR,277.950009
10-Apr-24,USD,PKR,277.950088
11-Apr-24,USD,PKR,277.987548
12-Apr-24,USD,PKR,277.950374
13-Apr-24,USD,PKR,277.3026
14-Apr-24,USD,PKR,277.3026
15-Apr-24,USD,PKR,277.950552
16-Apr-24,USD,PKR,278.449761
17-Apr-24,USD,PKR,277.616959
18-Apr-24,USD,PKR,278.512855
19-Apr-24,USD,PKR,278.650374
20-Apr-24,USD,PKR,277.693641
21-Apr-24,USD,PKR,277.693641
22-Apr-24,USD,PKR,278.549682
23-Apr-24,USD,PKR,278.549855
24-Apr-24,USD,PKR,278.494993
25-Apr-24,USD,PKR,278.72502
26-Apr-24,USD,PKR,279.086109
27-Apr-24,USD,PKR,279.086109
28-Apr-24,USD,PKR,279.086109
29-Apr-24,USD,PKR,278.500846
30-Apr-24,USD,PKR,278.499535
1-May-24,USD,PKR,278.696714
2-May-24,USD,PKR,278.69877
3-May-24,USD,PKR,278.503701
4-May-24,USD,PKR,277.415603
5-May-24,USD,PKR,277.699141
6-May-24,USD,PKR,278.499399
7-May-24,USD,PKR,278.225039
8-May-24,USD,PKR,278.250209
9-May-24,USD,PKR,278.250237
10-May-24,USD,PKR,278.035197
11-May-24,USD,PKR,277.795523
12-May-24,USD,PKR,278.275286
13-May-24,USD,PKR,278.170649
14-May-24,USD,PKR,278.299459
15-May-24,USD,PKR,278.349825
16-May-24,USD,PKR,278.350254
17-May-24,USD,PKR,278.503701
18-May-24,USD,PKR,277.089441
19-May-24,USD,PKR,277.089441
20-May-24,USD,PKR,278.579979
21-May-24,USD,PKR,278.549769
22-May-24,USD,PKR,278.550279
23-May-24,USD,PKR,278.494023
24-May-24,USD,PKR,277.980081
25-May-24,USD,PKR,277.863546
26-May-24,USD,PKR,277.863546
27-May-24,USD,PKR,278.314062
28-May-24,USD,PKR,278.835091
29-May-24,USD,PKR,278.449967
30-May-24,USD,PKR,278.498789
31-May-24,USD,PKR,278.425038
1-Jun-24,USD,PKR,278.101312
2-Jun-24,USD,PKR,278.101312
3-Jun-24,USD,PKR,278.549689
4-Jun-24,USD,PKR,278.498647
5-Jun-24,USD,PKR,278.491768
6-Jun-24,USD,PKR,278.44965
7-Jun-24,USD,PKR,278.450374
8-Jun-24,USD,PKR,279.931685
9-Jun-24,USD,PKR,279.931685
10-Jun-24,USD,PKR,278.001312
11-Jun-24,USD,PKR,278.625028
12-Jun-24,USD,PKR,278.574976
13-Jun-24,USD,PKR,278.624978
14-Jun-24,USD,PKR,278.503701
15-Jun-24,USD,PKR,277.884366
16-Jun-24,USD,PKR,278.3087
17-Jun-24,USD,PKR,278.625028
18-Jun-24,USD,PKR,278.499532
19-Jun-24,USD,PKR,278.624965
20-Jun-24,USD,PKR,278.493911
21-Jun-24,USD,PKR,278.575038
22-Jun-24,USD,PKR,277.911337
23-Jun-24,USD,PKR,278.223261
24-Jun-24,USD,PKR,278.575029
25-Jun-24,USD,PKR,278.550468
26-Jun-24,USD,PKR,278.549757
27-Jun-24,USD,PKR,278.503183
28-Jun-24,USD,PKR,278.30781
29-Jun-24,USD,PKR,278.30781
30-Jun-24,USD,PKR,278.040394
1-Jul-24,USD,PKR,278.424978
2-Jul-24,USD,PKR,278.365235
3-Jul-24,USD,PKR,278.490077
4-Jul-24,USD,PKR,278.571541
5-Jul-24,USD,PKR,277.970573
6-Jul-24,USD,PKR,277.663211
7-Jul-24,USD,PKR,278.625982
8-Jul-24,USD,PKR,278.586801
9-Jul-24,USD,PKR,278.593753
10-Jul-24,USD,PKR,278.549829
11-Jul-24,USD,PKR,278.802453
12-Jul-24,USD,PKR,277.958432
13-Jul-24,USD,PKR,277.597033
14-Jul-24,USD,PKR,277.597033
15-Jul-24,USD,PKR,278.503184
16-Jul-24,USD,PKR,278.594178
17-Jul-24,USD,PKR,278.446387
18-Jul-24,USD,PKR,278.247119
19-Jul-24,USD,PKR,278.250374
20-Jul-24,USD,PKR,277.914888
21-Jul-24,USD,PKR,278.065518
22-Jul-24,USD,PKR,278.250325
23-Jul-24,USD,PKR,278.450103
24-Jul-24,USD,PKR,278.501962
25-Jul-24,USD,PKR,278.444941
26-Jul-24,USD,PKR,278.208419
27-Jul-24,USD,PKR,277.909037
28-Jul-24,USD,PKR,278.318611
29-Jul-24,USD,PKR,278.579038
30-Jul-24,USD,PKR,278.949636
31-Jul-24,USD,PKR,278.99976
1-Aug-24,USD,PKR,278.949649
2-Aug-24,USD,PKR,275.991393
3-Aug-24,USD,PKR,275.991393
4-Aug-24,USD,PKR,275.991393
5-Aug-24,USD,PKR,279.000036
6-Aug-24,USD,PKR,279.249859
7-Aug-24,USD,PKR,278.708487
8-Aug-24,USD,PKR,278.685115
9-Aug-24,USD,PKR,278.750374
10-Aug-24,USD,PKR,278.331091
11-Aug-24,USD,PKR,278.331091
12-Aug-24,USD,PKR,278.750174
13-Aug-24,USD,PKR,278.700451
14-Aug-24,USD,PKR,278.649421
15-Aug-24,USD,PKR,279.580406
16-Aug-24,USD,PKR,277.452675
17-Aug-24,USD,PKR,277.452675
18-Aug-24,USD,PKR,277.452675
19-Aug-24,USD,PKR,278.498393
20-Aug-24,USD,PKR,278.574982
21-Aug-24,USD,PKR,278.625017
22-Aug-24,USD,PKR,278.574974
23-Aug-24,USD,PKR,278.625038
24-Aug-24,USD,PKR,276.341348
25-Aug-24,USD,PKR,276.341348
26-Aug-24,USD,PKR,278.574972
27-Aug-24,USD,PKR,278.601035
28-Aug-24,USD,PKR,278.518858
29-Aug-24,USD,PKR,278.575012
30-Aug-24,USD,PKR,278.575038
31-Aug-24,USD,PKR,278.893298
1-Sep-24,USD,PKR,278.893298
2-Sep-24,USD,PKR,278.608675
3-Sep-24,USD,PKR,278.697532
4-Sep-24,USD,PKR,278.082513
5-Sep-24,USD,PKR,278.574996
6-Sep-24,USD,PKR,278.575038
7-Sep-24,USD,PKR,278.87638
8-Sep-24,USD,PKR,278.87638
9-Sep-24,USD,PKR,278.791555
10-Sep-24,USD,PKR,278.80212
11-Sep-24,USD,PKR,278.802368
12-Sep-24,USD,PKR,278.500085
13-Sep-24,USD,PKR,278.625038
14-Sep-24,USD,PKR,278.250282
15-Sep-24,USD,PKR,278.564334
16-Sep-24,USD,PKR,278.194587
17-Sep-24,USD,PKR,278.762583
18-Sep-24,USD,PKR,278.150278
19-Sep-24,USD,PKR,278.094655
20-Sep-24,USD,PKR,277.935915
21-Sep-24,USD,PKR,277.414933
22-Sep-24,USD,PKR,277.414933
23-Sep-24,USD,PKR,278.095659
24-Sep-24,USD,PKR,277.850249
25-Sep-24,USD,PKR,279.241544
26-Sep-24,USD,PKR,277.734878
27-Sep-24,USD,PKR,277.703701
28-Sep-24,USD,PKR,277.703701
29-Sep-24,USD,PKR,277.700564
30-Sep-24,USD,PKR,277.749821
1-Oct-24,USD,PKR,277.697402
2-Oct-24,USD,PKR,277.696805
3-Oct-24,USD,PKR,277.878337
4-Oct-24,USD,PKR,278.6402
5-Oct-24,USD,PKR,278.6402
6-Oct-24,USD,PKR,278.6402
7-Oct-24,USD,PKR,277.550249
8-Oct-24,USD,PKR,277.699571
9-Oct-24,USD,PKR,277.625034
10-Oct-24,USD,PKR,277.650063
11-Oct-24,USD,PKR,277.750374
12-Oct-24,USD,PKR,277.235582
13-Oct-24,USD,PKR,277.235582
14-Oct-24,USD,PKR,277.812331
15-Oct-24,USD,PKR,277.749953
16-Oct-24,USD,PKR,277.65002
17-Oct-24,USD,PKR,277.725019
18-Oct-24,USD,PKR,277.650374
19-Oct-24,USD,PKR,276.796028
20-Oct-24,USD,PKR,276.796028
21-Oct-24,USD,PKR,277.749866
22-Oct-24,USD,PKR,277.725032
23-Oct-24,USD,PKR,277.725025
24-Oct-24,USD,PKR,277.749769
25-Oct-24,USD,PKR,278.187272
26-Oct-24,USD,PKR,278.187272
27-Oct-24,USD,PKR,278.158945
28-Oct-24,USD,PKR,278.650144
29-Oct-24,USD,PKR,277.702706
30-Oct-24,USD,PKR,277.874977
31-Oct-24,USD,PKR,277.87504
1-Nov-24,USD,PKR,277.503701
2-Nov-24,USD,PKR,277.355512
3-Nov-24,USD,PKR,277.355512
4-Nov-24,USD,PKR,277.849756
5-Nov-24,USD,PKR,277.898478
6-Nov-24,USD,PKR,277.915562
7-Nov-24,USD,PKR,278.000278
8-Nov-24,USD,PKR,278.050374
9-Nov-24,USD,PKR,279.24409
10-Nov-24,USD,PKR,279.24409
11-Nov-24,USD,PKR,277.894924
12-Nov-24,USD,PKR,277.950603
13-Nov-24,USD,PKR,278.050229
14-Nov-24,USD,PKR,278.093843
15-Nov-24,USD,PKR,277.703701
16-Nov-24,USD,PKR,278.485894
17-Nov-24,USD,PKR,278.485894
18-Nov-24,USD,PKR,277.803518
19-Nov-24,USD,PKR,278.125059
20-Nov-24,USD,PKR,278.050204
21-Nov-24,USD,PKR,277.923004
22-Nov-24,USD,PKR,277.803701
23-Nov-24,USD,PKR,277.626662
24-Nov-24,USD,PKR,277.626662
25-Nov-24,USD,PKR,277.949662
26-Nov-24,USD,PKR,277.749783
27-Nov-24,USD,PKR,278.004334
28-Nov-24,USD,PKR,277.954528
29-Nov-24,USD,PKR,278.103701
30-Nov-24,USD,PKR,277.527805
1-Dec-24,USD,PKR,277.527805
2-Dec-24,USD,PKR,277.849541
3-Dec-24,USD,PKR,277.874987
4-Dec-24,USD,PKR,277.800392
5-Dec-24,USD,PKR,277.804533
6-Dec-24,USD,PKR,278.119627
7-Dec-24,USD,PKR,278.358943
8-Dec-24,USD,PKR,278.358943
9-Dec-24,USD,PKR,278.357591
10-Dec-24,USD,PKR,277.824981
11-Dec-24,USD,PKR,278.149855
12-Dec-24,USD,PKR,278.313166
13-Dec-24,USD,PKR,277.92483
14-Dec-24,USD,PKR,277.557173
15-Dec-24,USD,PKR,277.557173
16-Dec-24,USD,PKR,277.931123
17-Dec-24,USD,PKR,278.186125
18-Dec-24,USD,PKR,278.20664
19-Dec-24,USD,PKR,278.303359
20-Dec-24,USD,PKR,278.27169
21-Dec-24,USD,PKR,277.232856
22-Dec-24,USD,PKR,277.232856
23-Dec-24,USD,PKR,278.964317
24-Dec-24,USD,PKR,278.223998
25-Dec-24,USD,PKR,277.955434
26-Dec-24,USD,PKR,277.955434
27-Dec-24,USD,PKR,278.391684
28-Dec-24,USD,PKR,278.705414
29-Dec-24,USD,PKR,278.705414
30-Dec-24,USD,PKR,278.295225
31-Dec-24,USD,PKR,278.295225
1-Jan-24,USD,CNY,7.078599
2-Jan-24,USD,CNY,7.099602
3-Jan-24,USD,CNY,7.108903
4-Jan-24,USD,CNY,7.12048
5-Jan-24,USD,CNY,7.102504
6-Jan-24,USD,CNY,7.102504
7-Jan-24,USD,CNY,7.102502
8-Jan-24,USD,CNY,7.095756
9-Jan-24,USD,CNY,7.112601
10-Jan-24,USD,CNY,7.171404
11-Jan-24,USD,CNY,7.113097
12-Jan-24,USD,CNY,7.110604
13-Jan-24,USD,CNY,7.110604
14-Jan-24,USD,CNY,7.110597
15-Jan-24,USD,CNY,7.107005
16-Jan-24,USD,CNY,7.126502
17-Jan-24,USD,CNY,7.1245
18-Jan-24,USD,CNY,7.125
19-Jan-24,USD,CNY,7.117104
20-Jan-24,USD,CNY,7.117104
21-Jan-24,USD,CNY,7.117101
22-Jan-24,USD,CNY,7.193699
23-Jan-24,USD,CNY,7.087599
24-Jan-24,USD,CNY,7.091986
25-Jan-24,USD,CNY,7.091099
26-Jan-24,USD,CNY,7.096604
27-Jan-24,USD,CNY,7.096604
28-Jan-24,USD,CNY,7.096599
29-Jan-24,USD,CNY,7.094503
30-Jan-24,USD,CNY,7.104103
31-Jan-24,USD,CNY,7.101702
1-Feb-24,USD,CNY,7.098505
2-Feb-24,USD,CNY,7.122604
3-Feb-24,USD,CNY,7.122604
4-Feb-24,USD,CNY,7.1226
5-Feb-24,USD,CNY,7.118497
6-Feb-24,USD,CNY,7.110102
7-Feb-24,USD,CNY,7.1111
8-Feb-24,USD,CNY,7.116973
9-Feb-24,USD,CNY,7.180395
10-Feb-24,USD,CNY,7.180395
11-Feb-24,USD,CNY,7.179886
12-Feb-24,USD,CNY,7.193196
13-Feb-24,USD,CNY,7.189702
14-Feb-24,USD,CNY,7.176899
15-Feb-24,USD,CNY,7.164902
16-Feb-24,USD,CNY,7.119604
17-Feb-24,USD,CNY,7.119604
18-Feb-24,USD,CNY,7.119601
19-Feb-24,USD,CNY,7.198203
20-Feb-24,USD,CNY,7.1907
21-Feb-24,USD,CNY,7.189102
22-Feb-24,USD,CNY,7.194297
23-Feb-24,USD,CNY,7.195404
24-Feb-24,USD,CNY,7.195404
25-Feb-24,USD,CNY,7.195396
26-Feb-24,USD,CNY,7.197296
27-Feb-24,USD,CNY,7.1984
28-Feb-24,USD,CNY,7.197032
29-Feb-24,USD,CNY,7.188201
1-Mar-24,USD,CNY,7.196804
2-Mar-24,USD,CNY,7.196804
3-Mar-24,USD,CNY,7.196799
4-Mar-24,USD,CNY,7.199901
5-Mar-24,USD,CNY,7.19703
6-Mar-24,USD,CNY,7.196899
7-Mar-24,USD,CNY,7.1933
8-Mar-24,USD,CNY,7.186204
9-Mar-24,USD,CNY,7.186204
10-Mar-24,USD,CNY,7.1862
11-Mar-24,USD,CNY,7.184806
12-Mar-24,USD,CNY,7.181941
13-Mar-24,USD,CNY,7.187606
14-Mar-24,USD,CNY,7.193203
15-Mar-24,USD,CNY,7.196041
16-Mar-24,USD,CNY,7.196041
17-Mar-24,USD,CNY,7.196016
18-Mar-24,USD,CNY,7.198103
19-Mar-24,USD,CNY,7.198965
20-Mar-24,USD,CNY,7.1986
21-Mar-24,USD,CNY,7.199198
22-Mar-24,USD,CNY,7.229104
23-Mar-24,USD,CNY,7.229104
24-Mar-24,USD,CNY,7.229097
25-Mar-24,USD,CNY,7.209399
26-Mar-24,USD,CNY,7.218698
27-Mar-24,USD,CNY,7.226795
28-Mar-24,USD,CNY,7.227505
29-Mar-24,USD,CNY,7.221204
30-Mar-24,USD,CNY,7.221204
31-Mar-24,USD,CNY,7.221297
1-Apr-24,USD,CNY,7.230698
2-Apr-24,USD,CNY,7.233398
3-Apr-24,USD,CNY,7.235399
4-Apr-24,USD,CNY,7.234897
5-Apr-24,USD,CNY,7.232904
6-Apr-24,USD,CNY,7.232904
7-Apr-24,USD,CNY,7.232403
8-Apr-24,USD,CNY,7.230698
9-Apr-24,USD,CNY,7.231698
10-Apr-24,USD,CNY,7.2325
11-Apr-24,USD,CNY,7.236905
12-Apr-24,USD,CNY,7.237041
13-Apr-24,USD,CNY,7.237041
14-Apr-24,USD,CNY,7.236601
15-Apr-24,USD,CNY,7.238037
16-Apr-24,USD,CNY,7.237197
17-Apr-24,USD,CNY,7.238397
18-Apr-24,USD,CNY,7.237705
19-Apr-24,USD,CNY,7.239804
20-Apr-24,USD,CNY,7.239804
21-Apr-24,USD,CNY,7.240398
22-Apr-24,USD,CNY,7.243495
23-Apr-24,USD,CNY,7.2455
24-Apr-24,USD,CNY,7.245202
25-Apr-24,USD,CNY,7.2396
26-Apr-24,USD,CNY,7.246104
27-Apr-24,USD,CNY,7.246104
28-Apr-24,USD,CNY,7.245603
29-Apr-24,USD,CNY,7.238699
30-Apr-24,USD,CNY,7.241703
1-May-24,USD,CNY,7.240902
2-May-24,USD,CNY,7.239397
3-May-24,USD,CNY,7.237304
4-May-24,USD,CNY,7.237304
5-May-24,USD,CNY,7.237197
6-May-24,USD,CNY,7.210234
7-May-24,USD,CNY,7.219401
8-May-24,USD,CNY,7.224796
9-May-24,USD,CNY,7.219704
10-May-24,USD,CNY,7.226704
11-May-24,USD,CNY,7.226704
12-May-24,USD,CNY,7.2268
13-May-24,USD,CNY,7.233295
14-May-24,USD,CNY,7.233304
15-May-24,USD,CNY,7.2187
16-May-24,USD,CNY,7.217968
17-May-24,USD,CNY,7.223704
18-May-24,USD,CNY,7.223704
19-May-24,USD,CNY,7.223704
20-May-24,USD,CNY,7.2327
21-May-24,USD,CNY,7.23785
22-May-24,USD,CNY,7.241301
23-May-24,USD,CNY,7.24199
24-May-24,USD,CNY,7.242041
25-May-24,USD,CNY,7.242041
26-May-24,USD,CNY,7.242011
27-May-24,USD,CNY,7.241997
28-May-24,USD,CNY,7.24525
29-May-24,USD,CNY,7.2504
30-May-24,USD,CNY,7.233987
31-May-24,USD,CNY,7.242041
1-Jun-24,USD,CNY,7.242041
2-Jun-24,USD,CNY,7.24203
3-Jun-24,USD,CNY,7.243501
4-Jun-24,USD,CNY,7.243498
5-Jun-24,USD,CNY,7.247698
6-Jun-24,USD,CNY,7.245105
7-Jun-24,USD,CNY,7.247804
8-Jun-24,USD,CNY,7.247804
9-Jun-24,USD,CNY,7.247803
10-Jun-24,USD,CNY,7.247802
11-Jun-24,USD,CNY,7.247701
12-Jun-24,USD,CNY,7.239102
13-Jun-24,USD,CNY,7.252603
14-Jun-24,USD,CNY,7.255304
15-Jun-24,USD,CNY,7.255304
16-Jun-24,USD,CNY,7.255302
17-Jun-24,USD,CNY,7.25603
18-Jun-24,USD,CNY,7.253704
19-Jun-24,USD,CNY,7.257302
20-Jun-24,USD,CNY,7.2601
21-Jun-24,USD,CNY,7.261304
22-Jun-24,USD,CNY,7.261304
23-Jun-24,USD,CNY,7.260201
24-Jun-24,USD,CNY,7.258695
25-Jun-24,USD,CNY,7.262398
26-Jun-24,USD,CNY,7.264499
27-Jun-24,USD,CNY,7.268201
28-Jun-24,USD,CNY,7.267304
29-Jun-24,USD,CNY,7.267304
30-Jun-24,USD,CNY,7.2668
1-Jul-24,USD,CNY,7.268199
2-Jul-24,USD,CNY,7.270402
3-Jul-24,USD,CNY,7.269602
4-Jul-24,USD,CNY,7.266801
5-Jul-24,USD,CNY,7.268804
6-Jul-24,USD,CNY,7.268804
7-Jul-24,USD,CNY,7.268801
8-Jul-24,USD,CNY,7.2681
9-Jul-24,USD,CNY,7.272697
10-Jul-24,USD,CNY,7.275503
11-Jul-24,USD,CNY,7.255804
12-Jul-24,USD,CNY,7.250404
13-Jul-24,USD,CNY,7.250404
14-Jul-24,USD,CNY,7.250402
15-Jul-24,USD,CNY,7.259898
16-Jul-24,USD,CNY,7.1389
17-Jul-24,USD,CNY,7.260403
18-Jul-24,USD,CNY,7.259897
19-Jul-24,USD,CNY,7.270395
20-Jul-24,USD,CNY,7.270395
21-Jul-24,USD,CNY,7.270068
22-Jul-24,USD,CNY,7.273697
23-Jul-24,USD,CNY,7.275303
24-Jul-24,USD,CNY,7.262204
25-Jul-24,USD,CNY,7.231097
26-Jul-24,USD,CNY,7.250404
27-Jul-24,USD,CNY,7.250404
28-Jul-24,USD,CNY,7.2511
29-Jul-24,USD,CNY,7.259301
30-Jul-24,USD,CNY,7.251701
31-Jul-24,USD,CNY,7.2182
1-Aug-24,USD,CNY,7.243802
2-Aug-24,USD,CNY,7.159204
3-Aug-24,USD,CNY,7.159204
4-Aug-24,USD,CNY,7.158199
5-Aug-24,USD,CNY,7.121202
6-Aug-24,USD,CNY,7.156804
7-Aug-24,USD,CNY,7.181301
8-Aug-24,USD,CNY,7.174699
9-Aug-24,USD,CNY,7.166704
10-Aug-24,USD,CNY,7.166704
11-Aug-24,USD,CNY,7.167296
12-Aug-24,USD,CNY,7.175012
13-Aug-24,USD,CNY,7.153901
14-Aug-24,USD,CNY,7.138304
15-Aug-24,USD,CNY,7.173902
16-Aug-24,USD,CNY,7.165041
17-Aug-24,USD,CNY,7.165041
18-Aug-24,USD,CNY,7.165042
19-Aug-24,USD,CNY,7.153008
20-Aug-24,USD,CNY,7.132751
21-Aug-24,USD,CNY,7.132799
22-Aug-24,USD,CNY,7.145401
23-Aug-24,USD,CNY,7.123104
24-Aug-24,USD,CNY,7.123104
25-Aug-24,USD,CNY,7.125003
26-Aug-24,USD,CNY,7.119102
27-Aug-24,USD,CNY,7.124103
28-Aug-24,USD,CNY,7.125297
29-Aug-24,USD,CNY,7.096498
30-Aug-24,USD,CNY,7.093104
31-Aug-24,USD,CNY,7.093104
1-Sep-24,USD,CNY,7.093101
2-Sep-24,USD,CNY,7.117603
3-Sep-24,USD,CNY,7.121404
4-Sep-24,USD,CNY,7.112897
5-Sep-24,USD,CNY,7.0923
6-Sep-24,USD,CNY,7.088904
7-Sep-24,USD,CNY,7.088904
8-Sep-24,USD,CNY,7.0889
9-Sep-24,USD,CNY,7.114601
10-Sep-24,USD,CNY,7.121803
11-Sep-24,USD,CNY,7.120698
12-Sep-24,USD,CNY,7.117606
13-Sep-24,USD,CNY,7.093504
14-Sep-24,USD,CNY,7.093504
15-Sep-24,USD,CNY,7.0937
16-Sep-24,USD,CNY,7.093502
17-Sep-24,USD,CNY,7.093501
18-Sep-24,USD,CNY,7.082008
19-Sep-24,USD,CNY,7.067996
20-Sep-24,USD,CNY,7.051904
21-Sep-24,USD,CNY,7.051904
22-Sep-24,USD,CNY,7.051901
23-Sep-24,USD,CNY,7.052303
24-Sep-24,USD,CNY,7.0312
25-Sep-24,USD,CNY,7.033299
26-Sep-24,USD,CNY,7.010102
27-Sep-24,USD,CNY,7.011704
28-Sep-24,USD,CNY,7.011704
29-Sep-24,USD,CNY,7.0113
30-Sep-24,USD,CNY,7.018497
1-Oct-24,USD,CNY,7.031396
2-Oct-24,USD,CNY,7.038702
3-Oct-24,USD,CNY,7.046101
4-Oct-24,USD,CNY,7.01845
5-Oct-24,USD,CNY,7.01845
6-Oct-24,USD,CNY,7.018497
7-Oct-24,USD,CNY,7.020099
8-Oct-24,USD,CNY,7.058798
9-Oct-24,USD,CNY,7.0811
10-Oct-24,USD,CNY,7.080802
11-Oct-24,USD,CNY,7.066204
12-Oct-24,USD,CNY,7.066204
13-Oct-24,USD,CNY,7.066202
14-Oct-24,USD,CNY,7.088199
15-Oct-24,USD,CNY,7.118802
16-Oct-24,USD,CNY,7.119405
17-Oct-24,USD,CNY,7.123993
18-Oct-24,USD,CNY,7.101804
19-Oct-24,USD,CNY,7.101804
20-Oct-24,USD,CNY,7.101802
21-Oct-24,USD,CNY,7.119019
22-Oct-24,USD,CNY,7.122698
23-Oct-24,USD,CNY,7.126302
24-Oct-24,USD,CNY,7.119702
25-Oct-24,USD,CNY,7.121104
26-Oct-24,USD,CNY,7.121104
27-Oct-24,USD,CNY,7.121103
28-Oct-24,USD,CNY,7.128504
29-Oct-24,USD,CNY,7.131098
30-Oct-24,USD,CNY,7.115802
31-Oct-24,USD,CNY,7.119901
1-Nov-24,USD,CNY,7.122704
2-Nov-24,USD,CNY,7.122704
3-Nov-24,USD,CNY,7.122701
4-Nov-24,USD,CNY,7.099003
5-Nov-24,USD,CNY,7.103203
6-Nov-24,USD,CNY,7.177801
7-Nov-24,USD,CNY,7.1422
8-Nov-24,USD,CNY,7.179204
9-Nov-24,USD,CNY,7.179204
10-Nov-24,USD,CNY,7.179201
11-Nov-24,USD,CNY,7.212098
12-Nov-24,USD,CNY,7.232597
13-Nov-24,USD,CNY,7.224503
14-Nov-24,USD,CNY,7.230297
15-Nov-24,USD,CNY,7.232504
16-Nov-24,USD,CNY,7.232504
17-Nov-24,USD,CNY,7.232505
18-Nov-24,USD,CNY,7.236597
19-Nov-24,USD,CNY,7.239101
20-Nov-24,USD,CNY,7.245016
21-Nov-24,USD,CNY,7.234699
22-Nov-24,USD,CNY,7.243041
23-Nov-24,USD,CNY,7.243041
24-Nov-24,USD,CNY,7.243033
25-Nov-24,USD,CNY,7.23975
26-Nov-24,USD,CNY,7.25205
27-Nov-24,USD,CNY,7.2475
28-Nov-24,USD,CNY,7.243899
29-Nov-24,USD,CNY,7.241704
30-Nov-24,USD,CNY,7.241704
1-Dec-24,USD,CNY,7.241702
2-Dec-24,USD,CNY,7.271902
3-Dec-24,USD,CNY,7.284799
4-Dec-24,USD,CNY,7.264032
5-Dec-24,USD,CNY,7.260201
6-Dec-24,USD,CNY,7.270304
7-Dec-24,USD,CNY,7.270304
8-Dec-24,USD,CNY,7.270299
9-Dec-24,USD,CNY,7.260497
10-Dec-24,USD,CNY,7.249699
11-Dec-24,USD,CNY,7.262105
12-Dec-24,USD,CNY,7.268601
13-Dec-24,USD,CNY,7.276104
14-Dec-24,USD,CNY,7.276104
15-Dec-24,USD,CNY,7.2761
16-Dec-24,USD,CNY,7.283404
17-Dec-24,USD,CNY,7.285595
18-Dec-24,USD,CNY,7.286396
19-Dec-24,USD,CNY,7.296398
20-Dec-24,USD,CNY,7.296404
21-Dec-24,USD,CNY,7.296404
22-Dec-24,USD,CNY,7.296397
23-Dec-24,USD,CNY,7.297983
24-Dec-24,USD,CNY,7.2956
25-Dec-24,USD,CNY,7.298202
26-Dec-24,USD,CNY,7.298303
27-Dec-24,USD,CNY,7.298804
28-Dec-24,USD,CNY,7.298804
29-Dec-24,USD,CNY,7.298801
30-Dec-24,USD,CNY,7.299101
31-Dec-24,USD,CNY,7.299099
